Data,Ãšltimo,Var%,Var%2
2019-01-02,91.012,3.56,3.56
2019-01-03,91.564,0.61,4.17
2019-01-04,91.841,0.3,4.47
2019-01-07,91.699,-0.15,4.319999999999999
2019-01-08,92.032,0.36,4.68
2019-01-09,93.613,1.72,6.3999999999999995
2019-01-10,93.806,0.21,6.609999999999999
2019-01-11,93.658,-0.16,6.449999999999999
2019-01-14,94.474,0.87,7.319999999999999
2019-01-15,94.056,-0.44,6.879999999999999
2019-01-16,94.393,0.36,7.239999999999999
2019-01-17,95.351,1.01,8.25
2019-01-18,96.097,0.78,9.03
2019-01-21,96.01,-0.09,8.94
2019-01-22,95.103,-0.94,8.0
2019-01-23,96.558,1.53,9.53
2019-01-24,97.677,1.16,10.69
2019-01-28,95.444,-2.29,8.399999999999999
2019-01-29,95.639,0.2,8.599999999999998
2019-01-30,96.996,1.42,10.019999999999998
2019-01-31,97.394,0.41,10.429999999999998
2019-02-01,97.861,0.48,10.909999999999998
2019-02-04,98.589,0.74,11.649999999999999
2019-02-05,98.311,-0.28,11.37
2019-02-06,94.636,-3.74,7.629999999999999
2019-02-07,94.406,-0.24,7.389999999999999
2019-02-08,95.343,0.99,8.379999999999999
2019-02-11,94.413,-0.98,7.399999999999999
2019-02-12,96.168,1.86,9.259999999999998
2019-02-13,95.842,-0.34,8.919999999999998
2019-02-14,98.015,2.27,11.189999999999998
2019-02-15,97.526,-0.5,10.689999999999998
2019-02-18,96.51,-1.04,9.649999999999999
2019-02-19,97.659,1.19,10.839999999999998
2019-02-20,96.545,-1.14,9.699999999999998
2019-02-21,96.932,0.4,10.099999999999998
2019-02-22,97.886,0.98,11.079999999999998
2019-02-25,97.24,-0.66,10.419999999999998
2019-02-26,97.603,0.37,10.789999999999997
2019-02-27,97.307,-0.3,10.489999999999997
2019-02-28,95.584,-1.77,8.719999999999997
2019-03-01,94.604,-1.03,7.689999999999997
2019-03-06,94.217,-0.41,7.279999999999997
2019-03-07,94.34,0.13,7.409999999999997
2019-03-08,95.365,1.09,8.499999999999996
2019-03-11,98.027,2.79,11.289999999999996
2019-03-12,97.828,-0.2,11.089999999999996
2019-03-13,98.904,1.1,12.189999999999996
2019-03-14,98.605,-0.3,11.889999999999995
2019-03-15,99.137,0.54,12.429999999999996
2019-03-18,99.994,0.86,13.289999999999996
2019-03-19,99.588,-0.41,12.879999999999995
2019-03-20,98.041,-1.55,11.329999999999995
2019-03-21,96.729,-1.34,9.989999999999995
2019-03-22,93.735,-3.1,6.889999999999995
2019-03-25,93.662,-0.08,6.809999999999995
2019-03-26,95.307,1.76,8.569999999999995
2019-03-27,91.903,-3.57,4.999999999999995
2019-03-28,94.389,2.7,7.699999999999995
2019-03-29,95.415,1.09,8.789999999999996
2019-04-01,96.054,0.67,9.459999999999996
2019-04-02,95.387,-0.7,8.759999999999996
2019-04-03,94.491,-0.94,7.819999999999997
2019-04-04,96.313,1.93,9.749999999999996
2019-04-05,97.108,0.83,10.579999999999997
2019-04-08,97.369,0.27,10.849999999999996
2019-04-09,96.292,-1.11,9.739999999999997
2019-04-10,95.953,-0.35,9.389999999999997
2019-04-11,94.755,-1.25,8.139999999999997
2019-04-12,92.875,-1.98,6.159999999999997
2019-04-15,93.083,0.22,6.379999999999996
2019-04-16,94.333,1.34,7.719999999999996
2019-04-17,93.285,-1.11,6.609999999999996
2019-04-18,94.578,1.39,7.999999999999996
2019-04-22,94.588,0.01,8.009999999999996
2019-04-23,95.923,1.41,9.419999999999996
2019-04-24,95.045,-0.92,8.499999999999996
2019-04-25,96.552,1.59,10.089999999999996
2019-04-26,96.236,-0.33,9.759999999999996
2019-04-29,96.188,-0.05,9.709999999999996
2019-04-30,96.353,0.17,9.879999999999995
2019-05-02,95.528,-0.86,9.019999999999996
2019-05-03,96.008,0.5,9.519999999999996
2019-05-06,95.009,-1.04,8.479999999999997
2019-05-07,94.389,-0.65,7.8299999999999965
2019-05-08,95.597,1.28,9.109999999999996
2019-05-09,94.808,-0.83,8.279999999999996
2019-05-10,94.258,-0.58,7.699999999999996
2019-05-13,91.727,-2.69,5.009999999999996
2019-05-14,92.092,0.4,5.409999999999997
2019-05-15,91.623,-0.51,4.899999999999997
2019-05-16,90.024,-1.75,3.149999999999997
2019-05-17,89.993,-0.04,3.1099999999999968
2019-05-20,91.946,2.17,5.279999999999997
2019-05-21,94.485,2.76,8.039999999999996
2019-05-22,94.361,-0.13,7.909999999999996
2019-05-23,93.91,-0.48,7.429999999999996
2019-05-24,93.628,-0.3,7.129999999999996
2019-05-27,94.864,1.32,8.449999999999996
2019-05-28,96.393,1.61,10.059999999999995
2019-05-29,96.567,0.18,10.239999999999995
2019-05-30,97.457,0.92,11.159999999999995
2019-05-31,97.03,-0.44,10.719999999999995
2019-06-03,97.02,-0.01,10.709999999999996
2019-06-04,97.38,0.37,11.079999999999995
2019-06-05,95.999,-1.42,9.659999999999995
2019-06-06,97.205,1.26,10.919999999999995
2019-06-07,97.821,0.63,11.549999999999995
2019-06-10,97.467,-0.36,11.189999999999996
2019-06-11,98.96,1.53,12.719999999999995
2019-06-12,98.321,-0.65,12.069999999999995
2019-06-13,98.774,0.46,12.529999999999996
2019-06-14,98.04,-0.74,11.789999999999996
2019-06-17,97.623,-0.43,11.359999999999996
2019-06-18,99.404,1.82,13.179999999999996
2019-06-19,100.303,0.9,14.079999999999997
2019-06-21,102.013,1.7,15.779999999999996
2019-06-24,102.062,0.05,15.829999999999997
2019-06-25,100.093,-1.93,13.899999999999997
2019-06-26,100.689,0.6,14.499999999999996
2019-06-27,100.724,0.04,14.539999999999996
2019-06-28,100.967,0.24,14.779999999999996
2019-07-01,101.34,0.37,15.149999999999995
2019-07-02,100.605,-0.72,14.429999999999994
2019-07-03,102.043,1.43,15.859999999999994
2019-07-04,103.636,1.56,17.419999999999995
2019-07-05,104.089,0.44,17.859999999999996
2019-07-08,104.53,0.42,18.279999999999998
2019-07-10,105.817,1.23,19.509999999999998
2019-07-11,105.146,-0.63,18.88
2019-07-12,103.906,-1.18,17.7
2019-07-15,103.803,-0.1,17.599999999999998
2019-07-16,103.775,-0.03,17.569999999999997
2019-07-17,103.856,0.08,17.649999999999995
2019-07-18,104.717,0.83,18.479999999999993
2019-07-19,103.452,-1.21,17.269999999999992
2019-07-22,103.949,0.48,17.749999999999993
2019-07-23,103.704,-0.24,17.509999999999994
2019-07-24,104.12,0.4,17.909999999999993
2019-07-25,102.655,-1.41,16.499999999999993
2019-07-26,102.819,0.16,16.659999999999993
2019-07-29,103.483,0.65,17.30999999999999
2019-07-30,102.933,-0.53,16.77999999999999
2019-07-31,101.812,-1.09,15.68999999999999
2019-08-01,102.126,0.31,15.999999999999991
2019-08-02,102.674,0.54,16.539999999999992
2019-08-05,100.098,-2.51,14.029999999999992
2019-08-06,102.164,2.06,16.089999999999993
2019-08-07,102.782,0.61,16.699999999999992
2019-08-08,104.115,1.3,17.999999999999993
2019-08-09,103.996,-0.11,17.889999999999993
2019-08-12,101.915,-2.0,15.889999999999993
2019-08-13,103.299,1.36,17.249999999999993
2019-08-14,100.258,-2.94,14.309999999999993
2019-08-15,99.057,-1.2,13.109999999999994
2019-08-16,99.806,0.76,13.869999999999994
2019-08-19,99.469,-0.34,13.529999999999994
2019-08-20,99.222,-0.25,13.279999999999994
2019-08-21,101.202,2.0,15.279999999999994
2019-08-22,100.011,-1.18,14.099999999999994
2019-08-23,97.667,-2.34,11.759999999999994
2019-08-26,96.43,-1.27,10.489999999999995
2019-08-27,97.276,0.88,11.369999999999996
2019-08-28,98.194,0.94,12.309999999999995
2019-08-29,100.524,2.37,14.679999999999996
2019-08-30,101.135,0.61,15.289999999999996
2019-09-02,100.626,-0.5,14.789999999999996
2019-09-03,99.681,-0.94,13.849999999999996
2019-09-04,101.201,1.52,15.369999999999996
2019-09-05,102.243,1.03,16.399999999999995
2019-09-06,102.935,0.68,17.079999999999995
2019-09-09,103.181,0.24,17.319999999999993
2019-09-10,103.032,-0.14,17.179999999999993
2019-09-11,103.446,0.4,17.57999999999999
2019-09-12,104.371,0.89,18.46999999999999
2019-09-13,103.501,-0.83,17.639999999999993
2019-09-16,103.68,0.17,17.809999999999995
2019-09-17,104.617,0.9,18.709999999999994
2019-09-18,104.532,-0.08,18.629999999999995
2019-09-19,104.339,-0.18,18.449999999999996
2019-09-20,104.817,0.46,18.909999999999997
2019-09-23,104.638,-0.17,18.739999999999995
2019-09-24,103.876,-0.73,18.009999999999994
2019-09-25,104.481,0.58,18.589999999999993
2019-09-26,105.319,0.8,19.389999999999993
2019-09-27,105.078,-0.23,19.159999999999993
2019-09-30,104.745,-0.32,18.839999999999993
2019-10-01,104.053,-0.66,18.179999999999993
2019-10-02,101.031,-2.9,15.279999999999992
2019-10-03,101.516,0.48,15.759999999999993
2019-10-04,102.551,1.02,16.779999999999994
2019-10-07,100.573,-1.93,14.849999999999994
2019-10-08,99.981,-0.59,14.259999999999994
2019-10-09,101.249,1.27,15.529999999999994
2019-10-10,101.817,0.56,16.089999999999993
2019-10-11,103.832,1.98,18.069999999999993
2019-10-14,104.302,0.45,18.519999999999992
2019-10-15,104.49,0.18,18.699999999999992
2019-10-16,105.423,0.89,19.589999999999993
2019-10-17,105.016,-0.39,19.199999999999992
2019-10-18,104.729,-0.27,18.929999999999993
2019-10-21,106.022,1.23,20.159999999999993
2019-10-22,107.381,1.28,21.439999999999994
2019-10-23,107.544,0.15,21.589999999999993
2019-10-24,106.986,-0.52,21.069999999999993
2019-10-25,107.364,0.35,21.419999999999995
2019-10-28,108.187,0.77,22.189999999999994
2019-10-29,107.556,-0.58,21.609999999999996
2019-10-30,108.408,0.79,22.399999999999995
2019-10-31,107.22,-1.1,21.299999999999994
2019-11-01,108.196,0.91,22.209999999999994
2019-11-04,108.779,0.54,22.749999999999993
2019-11-05,108.719,-0.06,22.689999999999994
2019-11-06,108.36,-0.33,22.359999999999996
2019-11-07,109.581,1.13,23.489999999999995
2019-11-08,107.629,-1.78,21.709999999999994
2019-11-11,108.367,0.69,22.399999999999995
2019-11-12,106.751,-1.49,20.909999999999997
2019-11-13,106.06,-0.65,20.259999999999998
2019-11-14,106.557,0.47,20.729999999999997
2019-11-18,106.269,-0.27,20.459999999999997
2019-11-19,105.864,-0.38,20.08
2019-11-21,107.497,1.54,21.619999999999997
2019-11-22,108.692,1.11,22.729999999999997
2019-11-25,108.424,-0.25,22.479999999999997
2019-11-26,107.059,-1.26,21.219999999999995
2019-11-27,107.708,0.61,21.829999999999995
2019-11-28,108.29,0.54,22.369999999999994
2019-11-29,108.233,-0.05,22.319999999999993
2019-12-02,108.928,0.64,22.959999999999994
2019-12-03,108.956,0.03,22.989999999999995
2019-12-04,110.301,1.23,24.219999999999995
2019-12-05,110.622,0.29,24.509999999999994
2019-12-06,111.126,0.46,24.969999999999995
2019-12-09,110.977,-0.13,24.839999999999996
2019-12-10,110.672,-0.28,24.559999999999995
2019-12-11,110.964,0.26,24.819999999999997
2019-12-12,112.2,1.11,25.929999999999996
2019-12-13,112.565,0.33,26.259999999999994
2019-12-16,111.896,-0.59,25.669999999999995
2019-12-17,112.616,0.64,26.309999999999995
2019-12-18,114.315,1.51,27.819999999999997
2019-12-19,115.131,0.71,28.529999999999998
2019-12-20,115.121,-0.01,28.519999999999996
2019-12-23,115.863,0.64,29.159999999999997
2019-12-26,117.203,1.16,30.319999999999997
2019-12-27,116.534,-0.57,29.749999999999996
2019-12-30,115.645,-0.76,28.989999999999995
2020-01-02,118.573,2.53,31.519999999999996
2020-01-03,117.707,-0.73,30.789999999999996
2020-01-06,116.878,-0.7,30.089999999999996
2020-01-07,116.662,-0.18,29.909999999999997
2020-01-08,116.247,-0.36,29.549999999999997
2020-01-09,115.947,-0.26,29.289999999999996
2020-01-10,115.503,-0.38,28.909999999999997
2020-01-13,117.325,1.58,30.489999999999995
2020-01-14,117.632,0.26,30.749999999999996
2020-01-15,116.414,-1.04,29.709999999999997
2020-01-16,116.704,0.25,29.959999999999997
2020-01-17,118.478,1.52,31.479999999999997
2020-01-20,118.862,0.32,31.799999999999997
2020-01-21,117.026,-1.54,30.259999999999998
2020-01-22,118.391,1.17,31.43
2020-01-23,119.528,0.96,32.39
2020-01-24,118.376,-0.96,31.43
2020-01-27,114.482,-3.29,28.14
2020-01-28,116.479,1.74,29.88
2020-01-29,115.385,-0.94,28.939999999999998
2020-01-30,115.528,0.12,29.06
2020-01-31,113.761,-1.53,27.529999999999998
2020-02-03,114.629,0.76,28.29
2020-02-04,115.557,0.81,29.099999999999998
2020-02-05,116.028,0.41,29.509999999999998
2020-02-06,115.19,-0.72,28.79
2020-02-07,113.77,-1.23,27.56
2020-02-10,112.57,-1.05,26.509999999999998
2020-02-11,115.371,2.49,29.0
2020-02-12,116.674,1.13,30.13
2020-02-13,115.662,-0.87,29.259999999999998
2020-02-14,114.381,-1.11,28.15
2020-02-17,115.309,0.81,28.959999999999997
2020-02-18,114.977,-0.29,28.669999999999998
2020-02-19,116.518,1.34,30.009999999999998
2020-02-20,114.586,-1.66,28.349999999999998
2020-02-21,113.681,-0.79,27.56
2020-02-26,105.718,-7.0,20.56
2020-02-27,102.984,-2.59,17.97
2020-02-28,104.172,1.15,19.119999999999997
2020-03-02,106.625,2.36,21.479999999999997
2020-03-03,105.537,-1.02,20.459999999999997
2020-03-04,107.224,1.6,22.06
2020-03-05,102.233,-4.65,17.409999999999997
2020-03-06,97.997,-4.14,13.269999999999996
2020-03-09,86.067,-12.17,1.099999999999996
2020-03-10,92.214,7.14,8.239999999999995
2020-03-11,85.171,-7.64,0.5999999999999952
2020-03-12,72.583,-14.78,-14.180000000000003
2020-03-13,82.678,13.91,-0.2700000000000031
2020-03-16,71.168,-13.92,-14.190000000000003
2020-03-17,74.617,4.85,-9.340000000000003
2020-03-18,66.895,-10.35,-19.690000000000005
2020-03-19,68.332,2.15,-17.540000000000006
2020-03-20,67.069,-1.85,-19.390000000000008
2020-03-23,63.57,-5.22,-24.610000000000007
2020-03-24,69.729,9.69,-14.920000000000007
2020-03-25,74.956,7.5,-7.420000000000007
2020-03-26,77.71,3.67,-3.750000000000007
2020-03-27,73.429,-5.51,-9.260000000000007
2020-03-30,74.639,1.65,-7.6100000000000065
2020-03-31,73.02,-2.17,-9.780000000000006
2020-04-01,70.967,-2.81,-12.590000000000007
2020-04-02,72.253,1.81,-10.780000000000006
2020-04-03,69.538,-3.76,-14.540000000000006
2020-04-06,74.073,6.52,-8.020000000000007
2020-04-07,76.358,3.08,-4.940000000000007
2020-04-08,78.625,2.97,-1.9700000000000064
2020-04-09,77.682,-1.2,-3.170000000000006
2020-04-13,78.836,1.49,-1.6800000000000062
2020-04-14,79.918,1.37,-0.31000000000000605
2020-04-15,78.831,-1.36,-1.6700000000000061
2020-04-16,77.812,-1.29,-2.960000000000006
2020-04-17,78.99,1.51,-1.4500000000000062
2020-04-20,78.973,-0.02,-1.4700000000000062
2020-04-22,80.687,2.17,0.6999999999999937
2020-04-23,79.673,-1.26,-0.5600000000000063
2020-04-24,75.331,-5.45,-6.010000000000007
2020-04-27,78.239,3.86,-2.150000000000007
2020-04-28,81.312,3.93,1.7799999999999931
2020-04-29,83.171,2.29,4.069999999999993
2020-04-30,80.506,-3.2,0.869999999999993
2020-05-04,78.876,-2.02,-1.150000000000007
2020-05-05,79.471,0.75,-0.400000000000007
2020-05-06,79.064,-0.51,-0.910000000000007
2020-05-07,78.119,-1.2,-2.110000000000007
2020-05-08,80.263,2.75,0.639999999999993
2020-05-11,79.065,-1.49,-0.850000000000007
2020-05-12,77.872,-1.51,-2.360000000000007
2020-05-13,77.772,-0.13,-2.490000000000007
2020-05-14,79.011,1.59,-0.9000000000000068
2020-05-15,77.557,-1.84,-2.740000000000007
2020-05-18,81.194,4.69,1.9499999999999935
2020-05-19,80.742,-0.56,1.3899999999999935
2020-05-20,81.319,0.71,2.0999999999999934
2020-05-21,83.027,2.1,4.199999999999994
2020-05-22,82.173,-1.03,3.1699999999999937
2020-05-25,85.663,4.25,7.419999999999994
2020-05-26,85.469,-0.23,7.189999999999993
2020-05-27,87.946,2.9,10.089999999999993
2020-05-28,86.949,-1.13,8.959999999999994
2020-05-29,87.403,0.52,9.479999999999993
2020-06-01,88.62,1.39,10.869999999999994
2020-06-02,91.046,2.74,13.609999999999994
2020-06-03,93.002,2.15,15.759999999999994
2020-06-04,93.829,0.89,16.649999999999995
2020-06-05,94.637,0.86,17.509999999999994
2020-06-08,97.645,3.18,20.689999999999994
2020-06-09,96.747,-0.92,19.769999999999992
2020-06-10,94.686,-2.13,17.639999999999993
2020-06-12,92.795,-2.0,15.639999999999993
2020-06-15,92.376,-0.45,15.189999999999994
2020-06-16,93.531,1.25,16.439999999999994
2020-06-17,95.547,2.16,18.599999999999994
2020-06-18,96.125,0.6,19.199999999999996
2020-06-19,96.572,0.46,19.659999999999997
2020-06-22,95.336,-1.28,18.379999999999995
2020-06-23,95.975,0.67,19.049999999999997
2020-06-24,94.377,-1.66,17.389999999999997
2020-06-25,95.983,1.7,19.089999999999996
2020-06-26,93.834,-2.24,16.849999999999994
2020-06-29,95.735,2.03,18.879999999999995
2020-06-30,95.056,-0.71,18.169999999999995
2020-07-01,96.203,1.21,19.379999999999995
2020-07-02,96.235,0.03,19.409999999999997
2020-07-03,96.765,0.55,19.959999999999997
2020-07-06,98.937,2.24,22.199999999999996
2020-07-07,97.761,-1.19,21.009999999999994
2020-07-08,99.77,2.05,23.059999999999995
2020-07-09,99.16,-0.61,22.449999999999996
2020-07-10,100.032,0.88,23.329999999999995
2020-07-13,98.697,-1.33,21.999999999999993
2020-07-14,100.44,1.77,23.769999999999992
2020-07-15,101.791,1.34,25.109999999999992
2020-07-16,100.553,-1.22,23.889999999999993
2020-07-17,102.888,2.32,26.209999999999994
2020-07-20,104.426,1.49,27.699999999999992
2020-07-21,104.31,-0.11,27.589999999999993
2020-07-22,104.29,-0.02,27.569999999999993
2020-07-23,102.293,-1.91,25.659999999999993
2020-07-24,102.382,0.09,25.749999999999993
2020-07-27,104.477,2.05,27.799999999999994
2020-07-28,104.109,-0.35,27.449999999999992
2020-07-29,105.605,1.44,28.889999999999993
2020-07-30,105.009,-0.56,28.329999999999995
2020-07-31,102.912,-2.0,26.329999999999995
2020-08-03,102.83,-0.08,26.249999999999996
2020-08-04,101.216,-1.57,24.679999999999996
2020-08-05,102.802,1.57,26.249999999999996
2020-08-06,104.126,1.29,27.539999999999996
2020-08-07,102.776,-1.3,26.239999999999995
2020-08-10,103.444,0.65,26.889999999999993
2020-08-11,102.174,-1.23,25.659999999999993
2020-08-12,102.118,-0.06,25.599999999999994
2020-08-13,100.461,-1.62,23.979999999999993
2020-08-14,101.353,0.89,24.869999999999994
2020-08-17,99.595,-1.73,23.139999999999993
2020-08-18,102.065,2.48,25.619999999999994
2020-08-19,100.854,-1.19,24.429999999999993
2020-08-20,101.468,0.61,25.039999999999992
2020-08-21,101.521,0.05,25.089999999999993
2020-08-24,102.298,0.77,25.859999999999992
2020-08-25,102.118,-0.18,25.679999999999993
2020-08-26,100.627,-1.46,24.21999999999999
2020-08-27,100.624,-0.0,24.21999999999999
2020-08-28,102.143,1.51,25.729999999999993
2020-08-31,99.369,-2.72,23.009999999999994
2020-09-01,102.168,2.82,25.829999999999995
2020-09-02,101.911,-0.25,25.579999999999995
2020-09-03,100.721,-1.17,24.409999999999997
2020-09-04,101.242,0.52,24.929999999999996
2020-09-08,100.05,-1.18,23.749999999999996
2020-09-09,101.292,1.24,24.989999999999995
2020-09-10,98.835,-2.43,22.559999999999995
2020-09-11,98.363,-0.48,22.079999999999995
2020-09-14,100.275,1.94,24.019999999999996
2020-09-15,100.298,0.02,24.039999999999996
2020-09-16,99.676,-0.62,23.419999999999995
2020-09-17,100.098,0.42,23.839999999999996
2020-09-18,98.29,-1.81,22.029999999999998
2020-09-21,96.991,-1.32,20.709999999999997
2020-09-22,97.294,0.31,21.019999999999996
2020-09-23,95.735,-1.6,19.419999999999995
2020-09-24,97.012,1.33,20.749999999999993
2020-09-25,96.999,-0.01,20.73999999999999
2020-09-28,94.666,-2.41,18.32999999999999
2020-09-29,93.58,-1.15,17.179999999999993
2020-09-30,94.603,1.09,18.269999999999992
2020-10-01,95.479,0.93,19.199999999999992
2020-10-02,94.016,-1.53,17.66999999999999
2020-10-05,96.089,2.21,19.879999999999992
2020-10-06,95.615,-0.49,19.389999999999993
2020-10-07,95.526,-0.09,19.299999999999994
2020-10-08,97.92,2.51,21.809999999999995
2020-10-09,97.483,-0.45,21.359999999999996
2020-10-13,98.503,1.05,22.409999999999997
2020-10-14,99.334,0.84,23.249999999999996
2020-10-15,99.054,-0.28,22.969999999999995
2020-10-16,98.309,-0.75,22.219999999999995
2020-10-19,98.658,0.35,22.569999999999997
2020-10-20,100.54,1.91,24.479999999999997
2020-10-21,100.552,0.01,24.49
2020-10-22,101.918,1.36,25.849999999999998
2020-10-23,101.26,-0.65,25.2
2020-10-26,101.017,-0.24,24.96
2020-10-27,99.606,-1.4,23.560000000000002
2020-10-28,95.369,-4.25,19.310000000000002
2020-10-29,96.582,1.27,20.580000000000002
2020-10-30,93.952,-2.72,17.860000000000003
2020-11-03,95.98,2.16,20.020000000000003
2020-11-04,97.867,1.97,21.990000000000002
2020-11-05,100.751,2.95,24.94
2020-11-06,100.925,0.17,25.110000000000003
2020-11-09,103.515,2.57,27.680000000000003
2020-11-10,105.067,1.5,29.180000000000003
2020-11-11,104.809,-0.25,28.930000000000003
2020-11-12,102.507,-2.2,26.730000000000004
2020-11-13,104.723,2.16,28.890000000000004
2020-11-16,106.43,1.63,30.520000000000003
2020-11-17,107.249,0.77,31.290000000000003
2020-11-18,106.119,-1.05,30.240000000000002
2020-11-19,106.67,0.52,30.76
2020-11-20,106.042,-0.59,30.17
2020-11-23,107.379,1.26,31.430000000000003
2020-11-24,109.786,2.24,33.67
2020-11-25,110.133,0.32,33.99
2020-11-26,110.227,0.09,34.080000000000005
2020-11-27,110.575,0.32,34.400000000000006
2020-11-30,108.893,-1.52,32.88
2020-12-01,111.4,2.3,35.18
2020-12-02,111.879,0.43,35.61
2020-12-03,112.292,0.37,35.98
2020-12-04,113.75,1.3,37.279999999999994
2020-12-07,113.59,-0.14,37.13999999999999
2020-12-08,113.793,0.18,37.31999999999999
2020-12-09,113.001,-0.7,36.61999999999999
2020-12-10,115.129,1.88,38.49999999999999
2020-12-11,115.128,-0.0,38.49999999999999
2020-12-14,114.611,-0.45,38.04999999999999
2020-12-15,116.149,1.34,39.38999999999999
2020-12-16,117.857,1.47,40.85999999999999
2020-12-17,118.401,0.46,41.31999999999999
2020-12-18,118.024,-0.32,40.99999999999999
2020-12-21,115.823,-1.86,39.13999999999999
2020-12-22,116.636,0.7,39.839999999999996
2020-12-23,117.807,1.0,40.839999999999996
2020-12-28,119.124,1.12,41.959999999999994
2020-12-29,119.409,0.24,42.199999999999996
2020-12-30,119.017,-0.33,41.87
2021-01-04,118.855,-0.14,41.73
2021-01-05,119.376,0.44,42.169999999999995
2021-01-06,119.1,-0.23,41.94
2021-01-07,122.386,2.76,44.699999999999996
2021-01-08,125.077,2.2,46.9
2021-01-11,123.255,-1.46,45.44
2021-01-12,123.998,0.6,46.04
2021-01-13,121.933,-1.67,44.37
2021-01-14,123.481,1.27,45.64
2021-01-15,120.349,-2.54,43.1
2021-01-18,121.242,0.74,43.84
2021-01-19,120.636,-0.5,43.34
2021-01-20,119.646,-0.82,42.52
2021-01-21,118.329,-1.1,41.42
2021-01-22,117.38,-0.8,40.620000000000005
2021-01-26,116.464,-0.78,39.84
2021-01-27,115.882,-0.5,39.34
2021-01-28,118.883,2.59,41.93000000000001
2021-01-29,115.068,-3.21,38.720000000000006
2021-02-01,117.518,2.13,40.85000000000001
2021-02-02,118.234,0.61,41.46000000000001
2021-02-03,119.725,1.26,42.720000000000006
2021-02-04,119.261,-0.39,42.330000000000005
2021-02-05,120.24,0.82,43.150000000000006
2021-02-08,119.696,-0.45,42.7
2021-02-09,119.472,-0.19,42.510000000000005
2021-02-10,118.435,-0.87,41.64000000000001
2021-02-11,119.3,0.73,42.370000000000005
2021-02-12,119.429,0.11,42.480000000000004
2021-02-17,120.356,0.78,43.260000000000005
2021-02-18,119.199,-0.96,42.300000000000004
2021-02-19,118.431,-0.64,41.660000000000004
2021-02-22,112.668,-4.87,36.790000000000006
2021-02-23,115.227,2.27,39.06000000000001
2021-02-24,115.668,0.38,39.44000000000001
2021-02-25,112.256,-2.95,36.49000000000001
2021-02-26,110.035,-1.98,34.51000000000001
2021-03-01,110.335,0.27,34.780000000000015
2021-03-02,111.54,1.09,35.87000000000002
2021-03-03,111.184,-0.32,35.55000000000002
2021-03-04,112.69,1.35,36.90000000000002
2021-03-05,115.202,2.23,39.13000000000002
2021-03-08,110.612,-3.98,35.15000000000002
2021-03-09,111.331,0.65,35.80000000000002
2021-03-10,112.776,1.3,37.100000000000016
2021-03-11,114.984,1.96,39.06000000000002
2021-03-12,114.16,-0.72,38.34000000000002
2021-03-15,114.851,0.6,38.94000000000002
2021-03-16,114.019,-0.72,38.22000000000002
2021-03-17,116.549,2.22,40.44000000000002
2021-03-18,114.835,-1.47,38.97000000000002
2021-03-19,116.222,1.21,40.18000000000002
2021-03-22,114.979,-1.07,39.11000000000002
2021-03-23,113.262,-1.49,37.62000000000002
2021-03-24,112.064,-1.06,36.56000000000002
2021-03-25,113.75,1.5,38.06000000000002
2021-03-26,114.781,0.91,38.97000000000001
2021-03-29,115.419,0.56,39.530000000000015
2021-03-30,116.85,1.24,40.77000000000002
2021-03-31,116.634,-0.18,40.59000000000002
2021-04-01,115.253,-1.18,39.41000000000002
2021-04-05,117.518,1.97,41.38000000000002
2021-04-06,117.499,-0.02,41.360000000000014
2021-04-07,117.624,0.11,41.47000000000001
2021-04-08,118.313,0.59,42.06000000000002
2021-04-09,117.67,-0.54,41.52000000000002
2021-04-12,118.812,0.97,42.490000000000016
2021-04-13,119.297,0.41,42.90000000000001
2021-04-14,120.295,0.84,43.740000000000016
2021-04-15,120.701,0.34,44.08000000000002
2021-04-16,121.114,0.34,44.42000000000002
2021-04-19,120.934,-0.15,44.270000000000024
2021-04-20,120.062,-0.72,43.550000000000026
2021-04-22,119.371,-0.58,42.97000000000003
2021-04-23,120.53,0.97,43.940000000000026
2021-04-26,120.595,0.05,43.99000000000002
2021-04-27,119.388,-1.0,42.99000000000002
2021-04-28,121.053,1.39,44.380000000000024
2021-04-29,120.066,-0.82,43.560000000000024
2021-04-30,118.894,-0.98,42.58000000000003
2021-05-03,119.209,0.27,42.85000000000003
2021-05-04,117.712,-1.26,41.59000000000003
2021-05-05,119.564,1.57,43.16000000000003
2021-05-06,119.921,0.3,43.46000000000003
2021-05-07,122.038,1.77,45.23000000000003
2021-05-10,121.909,-0.11,45.12000000000003
2021-05-11,122.964,0.87,45.99000000000003
2021-05-12,119.71,-2.65,43.34000000000003
2021-05-13,120.706,0.83,44.17000000000003
2021-05-14,121.881,0.97,45.14000000000003
2021-05-17,122.938,0.87,46.010000000000026
2021-05-18,122.98,0.03,46.04000000000003
2021-05-19,122.636,-0.28,45.760000000000026
2021-05-20,122.701,0.05,45.810000000000024
2021-05-21,122.592,-0.09,45.72000000000002
2021-05-24,124.032,1.17,46.89000000000002
2021-05-25,122.988,-0.84,46.05000000000002
2021-05-26,123.989,0.81,46.86000000000002
2021-05-27,124.367,0.3,47.16000000000002
2021-05-28,125.561,0.96,48.12000000000002
2021-05-31,126.216,0.52,48.64000000000002
2021-06-01,128.267,1.63,50.270000000000024
2021-06-02,129.601,1.04,51.310000000000024
2021-06-04,130.126,0.4,51.71000000000002
2021-06-07,130.776,0.5,52.21000000000002
2021-06-08,129.787,-0.76,51.450000000000024
2021-06-09,129.907,0.09,51.54000000000003
2021-06-10,130.076,0.13,51.67000000000003
2021-06-11,129.441,-0.49,51.18000000000003
2021-06-14,130.208,0.59,51.77000000000003
2021-06-15,130.091,-0.09,51.68000000000003
2021-06-16,129.259,-0.64,51.04000000000003
2021-06-17,128.057,-0.93,50.11000000000003
2021-06-18,128.405,0.27,50.38000000000003
2021-06-21,129.265,0.67,51.05000000000003
2021-06-22,128.767,-0.38,50.67000000000003
2021-06-23,128.428,-0.26,50.41000000000003
2021-06-24,129.514,0.85,51.26000000000003
2021-06-25,127.256,-1.74,49.52000000000003
2021-06-28,127.429,0.14,49.66000000000003
2021-06-29,127.327,-0.08,49.580000000000034
2021-06-30,126.802,-0.41,49.17000000000004
2021-07-01,125.666,-0.9,48.27000000000004
2021-07-02,127.622,1.56,49.83000000000004
2021-07-05,126.92,-0.55,49.280000000000044
2021-07-06,125.095,-1.44,47.840000000000046
2021-07-07,127.019,1.54,49.380000000000045
2021-07-08,125.428,-1.25,48.130000000000045
2021-07-12,127.594,1.73,49.86000000000004
2021-07-13,128.168,0.45,50.310000000000045
2021-07-14,128.407,0.19,50.50000000000004
2021-07-15,127.468,-0.73,49.770000000000046
2021-07-16,125.96,-1.18,48.590000000000046
2021-07-19,124.395,-1.24,47.350000000000044
2021-07-20,125.401,0.81,48.160000000000046
2021-07-21,125.929,0.42,48.58000000000005
2021-07-22,126.147,0.17,48.75000000000005
2021-07-23,125.053,-0.87,47.88000000000005
2021-07-26,126.004,0.76,48.64000000000005
2021-07-27,124.612,-1.1,47.54000000000005
2021-07-28,126.286,1.34,48.88000000000005
2021-07-29,125.675,-0.48,48.400000000000055
2021-07-30,121.801,-3.08,45.32000000000006
2021-08-02,122.516,0.59,45.91000000000006
2021-08-03,123.577,0.87,46.78000000000006
2021-08-04,121.801,-1.44,45.34000000000006
2021-08-05,121.633,-0.14,45.20000000000006
2021-08-06,122.81,0.97,46.17000000000006
2021-08-09,123.019,0.17,46.34000000000006
2021-08-10,122.202,-0.66,45.680000000000064
2021-08-11,122.056,-0.12,45.560000000000066
2021-08-12,120.701,-1.11,44.45000000000007
2021-08-13,121.194,0.41,44.86000000000006
2021-08-16,119.18,-1.66,43.20000000000007
2021-08-17,117.904,-1.07,42.13000000000007
2021-08-18,116.643,-1.07,41.060000000000066
2021-08-19,117.165,0.45,41.51000000000007
2021-08-20,118.053,0.76,42.27000000000007
2021-08-23,117.472,-0.49,41.780000000000065
2021-08-24,120.211,2.33,44.11000000000006
2021-08-25,120.818,0.5,44.61000000000006
2021-08-26,118.724,-1.73,42.88000000000007
2021-08-27,120.678,1.65,44.530000000000065
2021-08-30,119.74,-0.78,43.750000000000064
2021-08-31,118.781,-0.8,42.95000000000007
2021-09-01,119.396,0.52,43.47000000000007
2021-09-02,116.677,-2.28,41.19000000000007
2021-09-03,116.933,0.22,41.41000000000007
2021-09-06,117.869,0.8,42.210000000000065
2021-09-08,113.413,-3.78,38.430000000000064
2021-09-09,115.361,1.72,40.15000000000006
2021-09-10,114.286,-0.93,39.22000000000006
2021-09-13,116.404,1.85,41.070000000000064
2021-09-14,116.181,-0.19,40.88000000000007
2021-09-15,115.063,-0.96,39.920000000000066
2021-09-16,113.794,-1.1,38.820000000000064
2021-09-17,111.439,-2.07,36.750000000000064
2021-09-20,108.844,-2.33,34.420000000000066
2021-09-21,110.25,1.29,35.710000000000065
2021-09-22,112.282,1.84,37.55000000000007
2021-09-23,114.064,1.59,39.14000000000007
2021-09-24,113.283,-0.69,38.450000000000074
2021-09-27,113.583,0.27,38.72000000000008
2021-09-28,110.124,-3.05,35.67000000000008
2021-09-29,111.107,0.89,36.56000000000008
2021-09-30,110.979,-0.11,36.45000000000008
2021-10-01,112.9,1.73,38.18000000000008
2021-10-04,110.393,-2.22,35.96000000000008
2021-10-05,110.458,0.06,36.02000000000008
2021-10-06,110.56,0.09,36.110000000000085
2021-10-07,110.585,0.02,36.13000000000009
2021-10-08,112.833,2.03,38.16000000000009
2021-10-11,112.18,-0.58,37.58000000000009
2021-10-13,113.456,1.14,38.72000000000009
2021-10-14,113.185,-0.24,38.48000000000009
2021-10-15,114.648,1.29,39.77000000000009
2021-10-18,114.428,-0.19,39.58000000000009
2021-10-19,110.673,-3.28,36.30000000000009
2021-10-20,110.786,0.1,36.40000000000009
2021-10-21,107.735,-2.75,33.65000000000009
2021-10-22,106.296,-1.34,32.31000000000009
2021-10-25,108.715,2.28,34.59000000000009
2021-10-26,106.42,-2.11,32.48000000000009
2021-10-27,106.363,-0.05,32.43000000000009
2021-10-28,105.705,-0.62,31.81000000000009
2021-10-29,103.501,-2.09,29.72000000000009
2021-11-01,105.551,1.98,31.70000000000009
2021-11-03,105.617,0.06,31.76000000000009
2021-11-04,103.412,-2.09,29.67000000000009
2021-11-05,104.824,1.37,31.04000000000009
2021-11-08,104.781,-0.04,31.000000000000092
2021-11-09,105.535,0.72,31.72000000000009
2021-11-10,105.968,0.41,32.13000000000009
2021-11-11,107.595,1.54,33.67000000000009
2021-11-12,106.335,-1.17,32.500000000000085
2021-11-16,104.404,-1.82,30.680000000000085
2021-11-17,102.948,-1.39,29.290000000000084
2021-11-18,102.426,-0.51,28.780000000000083
2021-11-19,103.035,0.59,29.370000000000083
2021-11-22,102.122,-0.89,28.480000000000082
2021-11-23,103.654,1.5,29.980000000000082
2021-11-24,104.514,0.83,30.81000000000008
2021-11-25,105.811,1.24,32.05000000000008
2021-11-26,102.224,-3.39,28.660000000000082
2021-11-29,102.814,0.58,29.24000000000008
2021-11-30,101.915,-0.87,28.37000000000008
2021-12-01,100.775,-1.12,27.250000000000078
2021-12-02,104.466,3.66,30.91000000000008
2021-12-03,105.07,0.58,31.490000000000077
2021-12-06,106.859,1.7,33.190000000000076
2021-12-07,107.558,0.65,33.840000000000074
2021-12-08,108.096,0.5,34.340000000000074
2021-12-09,106.291,-1.67,32.67000000000007
2021-12-10,107.758,1.38,34.050000000000075
2021-12-13,107.383,-0.35,33.700000000000074
2021-12-14,106.76,-0.58,33.120000000000076
2021-12-15,107.431,0.63,33.75000000000008
2021-12-16,108.326,0.83,34.58000000000008
2021-12-17,107.201,-1.04,33.54000000000008
2021-12-20,105.02,-2.03,31.510000000000076
2021-12-21,105.5,0.46,31.970000000000077
2021-12-22,105.244,-0.24,31.73000000000008
2021-12-23,104.891,-0.33,31.40000000000008
2021-12-27,105.554,0.63,32.03000000000008
2021-12-28,104.864,-0.65,31.38000000000008
2021-12-29,104.107,-0.72,30.660000000000082
2021-12-30,104.822,0.69,31.350000000000083
2022-01-03,103.922,-0.86,30.490000000000084
2022-01-04,103.514,-0.39,30.100000000000083
2022-01-05,101.006,-2.42,27.680000000000085
2022-01-06,101.561,0.55,28.230000000000086
2022-01-07,102.719,1.14,29.370000000000086
2022-01-10,101.945,-0.75,28.620000000000086
2022-01-11,103.779,1.8,30.420000000000087
2022-01-12,105.686,1.84,32.26000000000009
2022-01-13,105.53,-0.15,32.11000000000009
2022-01-14,106.928,1.33,33.44000000000009
2022-01-17,106.374,-0.52,32.92000000000009
2022-01-18,106.668,0.28,33.20000000000009
2022-01-19,108.013,1.26,34.460000000000086
2022-01-20,109.102,1.01,35.470000000000084
2022-01-21,108.942,-0.15,35.320000000000086
2022-01-24,107.937,-0.92,34.400000000000084
2022-01-25,110.204,2.1,36.500000000000085
2022-01-26,111.289,0.98,37.48000000000008
2022-01-27,112.612,1.19,38.67000000000008
2022-01-28,111.91,-0.62,38.05000000000008
2022-01-31,112.144,0.21,38.26000000000008
2022-02-01,113.228,0.97,39.23000000000008
2022-02-02,111.894,-1.18,38.05000000000008
2022-02-03,111.696,-0.18,37.87000000000008
2022-02-04,112.245,0.49,38.360000000000085
2022-02-07,111.996,-0.22,38.140000000000086
2022-02-08,112.234,0.21,38.35000000000009
2022-02-09,112.461,0.2,38.55000000000009
2022-02-10,113.368,0.81,39.36000000000009
2022-02-11,113.572,0.18,39.54000000000009
2022-02-14,113.899,0.29,39.83000000000009
2022-02-15,114.828,0.82,40.65000000000009
2022-02-16,115.181,0.31,40.96000000000009
2022-02-17,113.528,-1.43,39.53000000000009
2022-02-18,112.88,-0.57,38.96000000000009
2022-02-21,111.725,-1.02,37.94000000000009
2022-02-22,112.892,1.04,38.98000000000009
2022-02-23,112.008,-0.78,38.20000000000009
2022-02-24,111.592,-0.37,37.83000000000009
2022-02-25,113.142,1.39,39.22000000000009
2022-03-02,115.174,1.8,41.02000000000009
2022-03-03,115.166,-0.01,41.01000000000009
2022-03-04,114.474,-0.6,40.41000000000009
2022-03-07,111.593,-2.52,37.890000000000086
2022-03-08,111.203,-0.35,37.540000000000084
2022-03-09,113.9,2.43,39.970000000000084
2022-03-10,113.663,-0.21,39.76000000000008
2022-03-11,111.713,-1.72,38.040000000000084
2022-03-14,109.928,-1.6,36.44000000000008
2022-03-15,108.959,-0.88,35.56000000000008
2022-03-16,111.112,1.98,37.54000000000008
2022-03-17,113.076,1.77,39.31000000000008
2022-03-18,115.311,1.98,41.29000000000008
2022-03-21,116.155,0.73,42.020000000000074
2022-03-22,117.272,0.96,42.980000000000075
2022-03-23,117.457,0.16,43.14000000000007
2022-03-24,119.053,1.36,44.50000000000007
2022-03-25,119.081,0.02,44.520000000000074
2022-03-28,118.738,-0.29,44.230000000000075
2022-03-29,120.014,1.07,45.300000000000075
2022-03-30,120.26,0.2,45.50000000000008
2022-03-31,119.999,-0.22,45.28000000000008
2022-04-01,121.57,1.31,46.59000000000008
2022-04-04,121.28,-0.24,46.35000000000008
2022-04-05,118.885,-1.97,44.38000000000008
2022-04-06,118.228,-0.55,43.830000000000084
2022-04-07,118.862,0.54,44.37000000000008
2022-04-08,118.322,-0.45,43.92000000000008
2022-04-11,116.953,-1.16,42.76000000000008
2022-04-12,116.147,-0.69,42.070000000000086
2022-04-13,116.782,0.55,42.62000000000008
2022-04-14,116.182,-0.51,42.110000000000085
2022-04-18,115.687,-0.43,41.680000000000085
2022-04-19,115.057,-0.55,41.13000000000009
2022-04-20,114.344,-0.62,40.51000000000009
2022-04-22,111.078,-2.86,37.65000000000009
2022-04-25,110.685,-0.35,37.30000000000009
2022-04-26,108.213,-2.23,35.07000000000009
2022-04-27,109.349,1.05,36.12000000000009
2022-04-28,109.919,0.52,36.64000000000009
2022-04-29,107.876,-1.86,34.78000000000009
2022-05-02,106.639,-1.15,33.630000000000095
2022-05-03,106.528,-0.1,33.53000000000009
2022-05-04,108.344,1.7,35.230000000000096
