"Data","Último","Abertura","Máxima","Mínima","Vol.","Var%"
"04.05.2022","3.554,46","3.493,62","3.565,15","3.408,96","-","1,74%"
"03.05.2022","3.493,69","3.518,70","3.521,46","3.476,06","-","-0,71%"
"02.05.2022","3.518,70","3.556,75","3.579,78","3.479,29","-","-1,07%"
"29.04.2022","3.556,75","3.662,30","3.722,98","3.556,53","-","-2,88%"
"28.04.2022","3.662,21","3.666,28","3.691,09","3.616,72","-","-0,11%"
"27.04.2022","3.666,28","3.663,64","3.734,01","3.658,73","-","0,07%"
"26.04.2022","3.663,66","3.751,31","3.755,00","3.659,51","-","-2,34%"
"25.04.2022","3.751,31","3.741,28","3.774,07","3.703,60","-","0,27%"
"22.04.2022","3.741,30","3.825,31","3.825,31","3.721,27","-","-2,20%"
"20.04.2022","3.825,33","3.875,82","3.903,73","3.825,33","-","-1,30%"
"19.04.2022","3.875,82","3.864,06","3.888,23","3.810,06","-","0,30%"
"18.04.2022","3.864,09","3.868,73","3.877,68","3.828,86","-","-0,12%"
"14.04.2022","3.868,74","3.904,69","3.908,24","3.855,65","-","-0,92%"
"13.04.2022","3.904,68","3.920,01","3.937,99","3.879,83","-","-0,39%"
"12.04.2022","3.920,01","3.945,38","4.032,20","3.906,74","-","-0,64%"
"11.04.2022","3.945,31","4.000,97","4.000,97","3.933,16","-","-1,40%"
"08.04.2022","4.001,14","4.041,63","4.041,63","3.933,00","-","-1,00%"
"07.04.2022","4.041,63","4.061,86","4.067,59","4.013,69","-","-0,50%"
"06.04.2022","4.061,86","4.157,63","4.157,63","4.009,67","-","-2,30%"
"05.04.2022","4.157,68","4.240,60","4.275,62","4.156,19","-","-1,96%"
"04.04.2022","4.240,61","4.247,97","4.251,79","4.207,21","-","-0,17%"
"01.04.2022","4.247,97","4.144,69","4.256,93","4.144,65","-","2,49%"
"31.03.2022","4.144,68","4.150,11","4.186,07","4.138,94","-","-0,13%"
"30.03.2022","4.150,18","4.187,35","4.190,84","4.131,52","-","-0,89%"
"29.03.2022","4.187,34","4.084,32","4.209,65","4.084,32","-","2,52%"
"28.03.2022","4.084,25","4.081,03","4.105,22","4.054,18","-","0,08%"
"25.03.2022","4.081,02","4.020,30","4.103,09","4.020,30","-","1,51%"
"24.03.2022","4.020,28","3.954,98","4.021,02","3.917,53","-","1,65%"
"23.03.2022","3.954,98","3.935,04","3.961,20","3.881,46","-","0,51%"
"22.03.2022","3.935,04","3.854,51","3.953,43","3.854,51","-","2,09%"
"21.03.2022","3.854,49","3.890,00","3.905,28","3.823,29","-","-0,91%"
"18.03.2022","3.890,00","3.792,75","3.901,00","3.762,65","-","2,56%"
"17.03.2022","3.792,78","3.752,70","3.797,49","3.722,68","-","1,07%"
"16.03.2022","3.752,68","3.660,62","3.757,77","3.660,62","-","2,52%"
"15.03.2022","3.660,33","3.634,78","3.685,13","3.608,36","-","0,70%"
"14.03.2022","3.634,79","3.667,35","3.709,12","3.631,26","-","-0,89%"
"11.03.2022","3.667,33","3.770,28","3.807,47","3.655,32","-","-2,73%"
"10.03.2022","3.770,26","3.866,88","3.867,02","3.710,46","-","-2,50%"
"09.03.2022","3.866,95","3.702,60","3.884,61","3.702,60","-","4,44%"
"08.03.2022","3.702,59","3.669,19","3.763,84","3.632,47","-","0,91%"
"07.03.2022","3.669,18","3.816,91","3.816,91","3.660,22","-","-3,87%"
"04.03.2022","3.816,91","3.894,00","3.900,50","3.791,68","-","-1,98%"
"03.03.2022","3.894,14","3.936,01","3.965,83","3.886,35","-","-1,06%"
"02.03.2022","3.936,00","3.919,84","3.970,33","3.913,99","-","0,41%"
"25.02.2022","3.919,84","3.934,88","3.945,00","3.861,82","-","-0,38%"
"24.02.2022","3.934,88","3.954,21","3.954,21","3.779,15","-","-0,49%"
"23.02.2022","3.954,34","3.976,91","4.012,04","3.920,68","-","-0,57%"
"22.02.2022","3.976,91","3.878,84","3.986,99","3.878,84","-","2,53%"
"21.02.2022","3.878,74","3.990,64","3.994,38","3.875,03","-","-2,80%"
"18.02.2022","3.990,64","4.045,47","4.064,43","3.983,92","-","-1,35%"
"17.02.2022","4.045,45","4.081,33","4.095,27","4.045,45","-","-0,88%"
"16.02.2022","4.081,34","4.090,59","4.109,87","4.043,61","-","-0,22%"
"15.02.2022","4.090,38","3.980,68","4.090,38","3.980,68","-","2,76%"
"14.02.2022","3.980,68","3.928,67","3.985,62","3.927,54","-","1,57%"
"11.02.2022","3.919,28","3.953,57","4.003,42","3.901,68","-","-0,87%"
"10.02.2022","3.953,59","3.930,65","3.965,48","3.891,03","-","0,58%"
"09.02.2022","3.930,63","3.861,49","3.951,39","3.860,86","-","1,79%"
"08.02.2022","3.861,49","3.851,00","3.872,39","3.810,06","-","0,27%"
"07.02.2022","3.850,99","3.877,45","3.879,21","3.826,57","-","-0,68%"
"04.02.2022","3.877,44","3.927,34","3.928,14","3.812,65","-","-1,27%"
"03.02.2022","3.927,34","3.946,54","3.993,92","3.922,31","-","-0,49%"
"02.02.2022","3.946,54","4.001,11","4.035,83","3.934,74","-","-1,36%"
"01.02.2022","4.001,11","4.020,74","4.067,14","3.976,27","-","-0,49%"
"31.01.2022","4.020,76","3.967,72","4.039,87","3.954,57","-","1,34%"
"28.01.2022","3.967,72","3.998,53","4.002,80","3.934,90","-","-0,77%"
"27.01.2022","3.998,53","3.975,41","4.017,66","3.959,58","-","0,58%"
"26.01.2022","3.975,41","3.924,55","4.044,85","3.924,55","-","1,30%"
"25.01.2022","3.924,54","3.810,69","3.944,03","3.783,77","-","2,99%"
"24.01.2022","3.810,69","3.866,82","3.885,47","3.787,68","-","-1,44%"
"21.01.2022","3.866,49","3.812,60","3.878,47","3.777,92","-","1,41%"
"20.01.2022","3.812,70","3.714,59","3.848,81","3.714,26","-","2,64%"
"19.01.2022","3.714,59","3.631,28","3.737,91","3.631,28","-","2,30%"
"18.01.2022","3.631,12","3.683,79","3.683,79","3.601,21","-","-1,45%"
"17.01.2022","3.684,40","3.724,82","3.726,59","3.679,94","-","-1,09%"
"14.01.2022","3.724,82","3.692,39","3.734,50","3.652,11","-","0,88%"
"13.01.2022","3.692,48","3.714,63","3.715,64","3.649,29","-","-0,60%"
"12.01.2022","3.714,63","3.618,66","3.722,99","3.599,15","-","2,65%"
"11.01.2022","3.618,66","3.550,49","3.618,66","3.540,06","-","1,92%"
"10.01.2022","3.550,49","3.616,40","3.616,40","3.527,25","-","-1,82%"
"07.01.2022","3.616,46","3.639,80","3.676,47","3.593,64","-","-0,64%"
"06.01.2022","3.639,80","3.619,79","3.669,66","3.584,27","-","0,55%"
"05.01.2022","3.619,79","3.753,41","3.756,27","3.619,43","-","-3,56%"
"04.01.2022","3.753,41","3.814,37","3.826,90","3.743,40","-","-1,60%"
"03.01.2022","3.814,33","3.932,13","3.938,44","3.780,73","-","-3,00%"
"30.12.2021","3.932,12","3.870,46","3.950,55","3.870,46","-","1,59%"
"29.12.2021","3.870,46","3.923,03","3.935,80","3.860,81","-","-1,34%"
"28.12.2021","3.923,05","3.926,01","3.945,64","3.884,05","-","-0,07%"
"27.12.2021","3.925,98","3.888,54","3.943,34","3.888,54","-","0,96%"
"23.12.2021","3.888,54","3.902,88","3.915,21","3.865,29","-","-0,37%"
"22.12.2021","3.902,87","3.959,02","3.970,80","3.886,91","-","-1,42%"
"21.12.2021","3.959,20","3.959,54","3.979,69","3.927,48","-","-0,01%"
"20.12.2021","3.959,44","4.017,61","4.017,61","3.938,95","-","-1,45%"
"17.12.2021","4.017,66","4.025,10","4.048,73","3.969,91","-","-0,18%"
"16.12.2021","4.025,09","4.017,24","4.105,31","4.000,40","-","0,20%"
"15.12.2021","4.017,24","3.960,50","4.022,48","3.953,06","-","1,43%"
"14.12.2021","3.960,50","3.994,17","4.071,39","3.947,55","-","-0,84%"
"13.12.2021","3.994,16","4.025,39","4.084,75","3.994,16","-","-0,78%"
"10.12.2021","4.025,39","3.957,76","4.049,16","3.957,76","-","1,71%"
"09.12.2021","3.957,70","4.052,44","4.052,44","3.939,34","-","-2,34%"
"08.12.2021","4.052,44","4.003,40","4.063,54","3.972,84","-","1,22%"
"07.12.2021","4.003,41","3.979,08","4.033,00","3.978,93","-","0,62%"
"06.12.2021","3.978,86","3.937,10","4.005,14","3.936,58","-","1,06%"
"03.12.2021","3.937,10","3.881,35","4.010,62","3.880,87","-","1,44%"
"02.12.2021","3.881,35","3.798,99","3.901,86","3.798,96","-","2,17%"
"01.12.2021","3.798,98","3.933,07","3.984,62","3.790,41","-","-3,40%"
"30.11.2021","3.932,70","3.999,86","3.999,86","3.845,86","-","-1,68%"
"29.11.2021","3.999,79","4.021,06","4.075,92","3.996,23","-","-0,52%"
"26.11.2021","4.020,74","4.182,06","4.182,06","4.008,17","-","-3,86%"
"25.11.2021","4.182,36","4.169,18","4.213,48","4.156,48","-","0,32%"
"24.11.2021","4.169,18","4.204,64","4.247,67","4.124,43","-","-0,84%"
"23.11.2021","4.204,65","4.207,93","4.225,66","4.121,41","-","-0,08%"
"22.11.2021","4.207,90","4.315,75","4.360,33","4.200,17","-","-2,50%"
"19.11.2021","4.315,74","4.281,42","4.397,10","4.277,49","-","0,80%"
"18.11.2021","4.281,42","4.234,07","4.337,07","4.234,07","-","1,12%"
"17.11.2021","4.233,94","4.297,05","4.357,72","4.188,63","-","-1,47%"
"16.11.2021","4.297,04","4.452,87","4.479,11","4.296,27","-","-3,50%"
"12.11.2021","4.452,88","4.607,75","4.630,52","4.452,88","-","-3,36%"
"11.11.2021","4.607,75","4.552,31","4.686,06","4.552,31","-","1,22%"
"10.11.2021","4.552,23","4.553,69","4.635,00","4.538,04","-","-0,03%"
"09.11.2021","4.553,69","4.449,78","4.608,11","4.449,78","-","2,34%"
"08.11.2021","4.449,77","4.503,52","4.507,65","4.434,31","-","-1,20%"
"05.11.2021","4.503,71","4.392,83","4.523,78","4.392,83","-","2,52%"
"04.11.2021","4.392,83","4.463,53","4.483,28","4.357,34","-","-1,58%"
"03.11.2021","4.463,54","4.316,74","4.506,84","4.292,59","-","3,40%"
"01.11.2021","4.316,73","4.251,44","4.331,71","4.251,44","-","1,54%"
"29.10.2021","4.251,43","4.264,34","4.316,52","4.245,23","-","-0,25%"
"28.10.2021","4.262,29","4.279,44","4.348,15","4.250,32","-","-0,40%"
"27.10.2021","4.279,45","4.248,24","4.359,57","4.248,24","-","0,73%"
"26.10.2021","4.248,24","4.376,66","4.376,66","4.231,26","-","-2,94%"
"25.10.2021","4.376,77","4.304,04","4.417,97","4.296,65","-","1,69%"
"22.10.2021","4.304,04","4.362,48","4.375,90","4.126,68","-","-1,34%"
"21.10.2021","4.362,54","4.518,43","4.518,43","4.288,08","-","-3,45%"
"20.10.2021","4.518,51","4.561,54","4.612,61","4.498,08","-","-0,94%"
"19.10.2021","4.561,55","4.736,63","4.736,63","4.520,76","-","-3,70%"
"18.10.2021","4.736,63","4.751,67","4.773,33","4.681,70","-","-0,32%"
"15.10.2021","4.751,67","4.687,45","4.758,92","4.661,89","-","1,37%"
"14.10.2021","4.687,39","4.724,10","4.734,93","4.656,56","-","-0,77%"
"13.10.2021","4.723,98","4.634,04","4.761,03","4.633,75","-","1,94%"
"11.10.2021","4.633,99","4.699,42","4.716,74","4.630,18","-","-1,39%"
"08.10.2021","4.699,42","4.586,47","4.750,97","4.586,47","-","2,46%"
"07.10.2021","4.586,46","4.628,39","4.654,11","4.578,42","-","-0,91%"
"06.10.2021","4.628,37","4.604,66","4.629,75","4.498,94","-","0,51%"
"05.10.2021","4.604,71","4.611,22","4.659,57","4.581,57","-","-0,13%"
"04.10.2021","4.610,63","4.770,84","4.770,84","4.600,39","-","-3,36%"
"01.10.2021","4.770,85","4.709,56","4.788,59","4.707,13","-","1,30%"
"30.09.2021","4.709,56","4.712,40","4.763,63","4.693,29","-","0,03%"
"29.09.2021","4.708,29","4.684,58","4.758,84","4.684,58","-","0,51%"
"28.09.2021","4.684,58","4.835,31","4.835,31","4.661,50","-","-3,12%"
"27.09.2021","4.835,47","4.885,41","4.885,61","4.783,07","-","-1,02%"
"24.09.2021","4.885,43","4.909,98","4.909,98","4.824,76","-","-0,50%"
"23.09.2021","4.910,17","4.881,77","4.922,86","4.875,17","-","0,58%"
"22.09.2021","4.881,67","4.893,03","4.928,12","4.864,42","-","-0,23%"
"21.09.2021","4.892,80","4.793,65","4.949,00","4.789,11","-","2,07%"
"20.09.2021","4.793,58","4.894,29","4.894,29","4.747,29","-","-2,06%"
"17.09.2021","4.894,42","4.942,70","4.942,70","4.842,81","-","-0,98%"
"16.09.2021","4.942,71","4.952,29","4.961,27","4.902,26","-","-0,19%"
"15.09.2021","4.952,30","5.022,67","5.024,12","4.919,54","-","-1,37%"
"14.09.2021","5.021,27","5.035,41","5.086,96","5.004,79","-","-0,28%"
"13.09.2021","5.035,40","4.910,75","5.073,31","4.910,75","-","2,54%"
"10.09.2021","4.910,62","4.995,25","5.056,88","4.910,62","-","-1,69%"
"09.09.2021","4.995,22","4.913,60","5.034,73","4.844,71","-","1,66%"
"08.09.2021","4.913,63","5.085,16","5.085,18","4.896,55","-","-3,37%"
"06.09.2021","5.085,16","4.974,86","5.085,16","4.957,78","-","2,22%"
"03.09.2021","4.974,87","4.921,71","4.978,86","4.901,37","-","1,09%"
"02.09.2021","4.921,41","5.039,78","5.040,61","4.917,53","-","-2,35%"
"01.09.2021","5.039,86","5.007,45","5.069,90","5.007,09","-","0,65%"
"31.08.2021","5.007,44","5.100,89","5.123,32","4.982,81","-","-1,83%"
"30.08.2021","5.100,94","5.136,55","5.138,33","5.072,52","-","-0,69%"
"27.08.2021","5.136,55","5.105,48","5.138,62","5.085,27","-","0,61%"
"26.08.2021","5.105,48","5.224,81","5.224,86","5.102,43","-","-2,29%"
"25.08.2021","5.224,95","5.198,24","5.224,95","5.154,14","-","0,51%"
"24.08.2021","5.198,24","5.109,31","5.213,63","5.108,48","-","1,74%"
"23.08.2021","5.109,30","5.177,57","5.191,34","5.086,07","-","-1,32%"
"20.08.2021","5.177,57","5.107,34","5.186,13","5.047,88","-","1,37%"
"19.08.2021","5.107,44","4.980,85","5.114,13","4.912,53","-","2,54%"
"18.08.2021","4.981,03","4.985,27","5.056,36","4.912,60","-","-0,09%"
"17.08.2021","4.985,29","5.047,91","5.047,91","4.896,92","-","-1,24%"
"16.08.2021","5.048,08","5.154,59","5.154,59","5.014,95","-","-2,07%"
"13.08.2021","5.154,64","5.172,09","5.198,64","5.124,36","-","-0,34%"
"12.08.2021","5.172,09","5.154,74","5.198,91","5.119,37","-","0,34%"
"11.08.2021","5.154,74","5.165,05","5.165,62","5.084,75","-","-0,20%"
"10.08.2021","5.165,03","5.220,87","5.238,74","5.160,89","-","-1,07%"
"09.08.2021","5.220,66","5.209,35","5.268,20","5.200,00","-","0,22%"
"06.08.2021","5.209,37","5.185,01","5.227,34","5.163,14","-","0,47%"
"05.08.2021","5.185,02","5.206,97","5.277,66","5.158,86","-","-0,42%"
"04.08.2021","5.206,97","5.278,61","5.279,28","5.160,98","-","-1,36%"
"03.08.2021","5.278,66","5.270,05","5.281,38","5.151,59","-","0,16%"
"02.08.2021","5.270,05","5.210,62","5.328,40","5.210,62","-","1,14%"
"30.07.2021","5.210,60","5.356,28","5.356,28","5.196,12","-","-2,72%"
"29.07.2021","5.356,42","5.360,52","5.372,24","5.302,55","-","-0,08%"
"28.07.2021","5.360,61","5.333,76","5.365,92","5.291,53","-","0,50%"
"27.07.2021","5.333,73","5.402,21","5.402,21","5.280,30","-","-1,27%"
"26.07.2021","5.402,23","5.447,61","5.447,61","5.393,95","-","-0,82%"
"23.07.2021","5.446,91","5.499,56","5.500,96","5.417,62","-","-0,97%"
"22.07.2021","5.500,48","5.454,41","5.500,48","5.451,71","-","0,84%"
"21.07.2021","5.454,65","5.482,51","5.499,60","5.412,51","-","-0,51%"
"20.07.2021","5.482,51","5.469,43","5.496,45","5.448,34","-","0,24%"
"19.07.2021","5.469,43","5.576,77","5.576,77","5.443,24","-","-1,93%"
"16.07.2021","5.577,26","5.585,40","5.636,46","5.569,66","-","-0,15%"
"15.07.2021","5.585,40","5.620,68","5.659,30","5.569,64","-","-0,63%"
"14.07.2021","5.620,68","5.599,95","5.644,61","5.590,94","-","0,37%"
"13.07.2021","5.599,79","5.551,90","5.602,54","5.511,54","-","0,86%"
"12.07.2021","5.551,91","5.498,25","5.556,25","5.483,45","-","0,98%"
"08.07.2021","5.498,18","5.552,93","5.552,93","5.440,51","-","-0,99%"
"07.07.2021","5.553,11","5.450,03","5.559,57","5.449,95","-","1,90%"
"06.07.2021","5.449,69","5.537,43","5.537,43","5.433,06","-","-1,59%"
"05.07.2021","5.537,47","5.547,42","5.557,39","5.511,86","-","-0,18%"
"02.07.2021","5.547,42","5.441,64","5.552,88","5.441,64","-","1,94%"
"01.07.2021","5.441,65","5.497,85","5.506,97","5.416,36","-","-1,02%"
"30.06.2021","5.497,85","5.538,63","5.538,63","5.457,83","-","-0,74%"
"29.06.2021","5.538,65","5.573,40","5.576,35","5.462,49","-","-0,62%"
"28.06.2021","5.573,43","5.505,90","5.578,04","5.495,75","-","1,23%"
"25.06.2021","5.505,95","5.619,57","5.625,48","5.471,41","-","-2,02%"
"24.06.2021","5.619,56","5.556,89","5.640,91","5.556,89","-","1,13%"
"23.06.2021","5.556,89","5.596,50","5.615,40","5.546,08","-","-0,71%"
"22.06.2021","5.596,62","5.598,06","5.598,89","5.520,74","-","-0,03%"
"21.06.2021","5.598,09","5.579,56","5.605,25","5.547,06","-","0,33%"
"18.06.2021","5.579,56","5.599,98","5.613,39","5.567,19","-","-0,36%"
"17.06.2021","5.599,98","5.592,81","5.634,07","5.575,57","-","0,13%"
"16.06.2021","5.592,83","5.632,30","5.651,75","5.550,25","-","-0,70%"
"15.06.2021","5.632,30","5.648,13","5.654,48","5.622,27","-","-0,28%"
"14.06.2021","5.648,13","5.568,58","5.662,39","5.568,58","-","1,43%"
"11.06.2021","5.568,60","5.643,72","5.658,14","5.547,47","-","-1,33%"
"10.06.2021","5.643,72","5.630,55","5.657,88","5.599,50","-","0,24%"
"09.06.2021","5.629,98","5.665,80","5.672,93","5.628,04","-","-0,60%"
"08.06.2021","5.664,06","5.665,35","5.711,66","5.624,64","-","-0,02%"
"07.06.2021","5.665,17","5.631,93","5.687,55","5.605,08","-","0,59%"
"04.06.2021","5.631,94","5.611,15","5.631,97","5.580,33","-","0,37%"
"02.06.2021","5.611,42","5.580,73","5.631,03","5.574,03","-","0,55%"
"01.06.2021","5.580,73","5.462,98","5.601,93","5.462,98","-","2,15%"
"31.05.2021","5.463,02","5.442,49","5.463,02","5.414,08","-","0,38%"
"28.05.2021","5.442,46","5.403,22","5.451,54","5.380,83","-","0,73%"
"27.05.2021","5.403,28","5.377,77","5.405,81","5.351,10","-","0,48%"
"26.05.2021","5.377,72","5.382,34","5.440,52","5.362,76","-","-0,09%"
"25.05.2021","5.382,33","5.365,82","5.411,33","5.365,82","-","0,31%"
"24.05.2021","5.365,80","5.286,49","5.373,52","5.285,79","-","1,50%"
"21.05.2021","5.286,54","5.276,15","5.288,41","5.236,43","-","0,20%"
"20.05.2021","5.276,14","5.212,74","5.279,07","5.207,80","-","1,22%"
"19.05.2021","5.212,73","5.226,37","5.256,31","5.176,25","-","-0,27%"
"18.05.2021","5.226,90","5.260,96","5.265,02","5.215,09","-","-0,65%"
"17.05.2021","5.260,96","5.213,86","5.268,21","5.205,51","-","0,90%"
"14.05.2021","5.213,86","5.163,34","5.240,39","5.163,34","-","0,98%"
"13.05.2021","5.163,15","5.095,75","5.202,94","5.093,33","-","1,33%"
"12.05.2021","5.095,46","5.251,16","5.251,16","5.085,63","-","-2,97%"
"11.05.2021","5.251,47","5.244,72","5.251,47","5.145,99","-","0,13%"
"10.05.2021","5.244,76","5.262,67","5.274,45","5.207,51","-","-0,34%"
"07.05.2021","5.262,68","5.166,47","5.262,68","5.157,25","-","1,86%"
"06.05.2021","5.166,47","5.155,95","5.182,49","5.124,27","-","0,21%"
"05.05.2021","5.155,89","5.100,68","5.159,71","5.100,68","-","1,08%"
"04.05.2021","5.100,58","5.128,40","5.131,38","5.086,68","-","-0,54%"
"03.05.2021","5.128,36","5.129,03","5.158,36","5.091,80","-","-0,01%"
"30.04.2021","5.129,04","5.158,73","5.177,31","5.113,63","-","-0,58%"
"29.04.2021","5.158,84","5.161,36","5.184,27","5.135,51","-","-0,05%"
"28.04.2021","5.161,32","5.167,62","5.178,37","5.121,23","-","-0,12%"
"27.04.2021","5.167,46","5.275,14","5.275,26","5.154,60","-","-2,04%"
"26.04.2021","5.275,19","5.292,18","5.315,69","5.247,71","-","-0,32%"
"23.04.2021","5.292,21","5.252,51","5.310,71","5.252,51","-","0,76%"
"22.04.2021","5.252,33","5.321,40","5.365,89","5.242,43","-","-1,30%"
"20.04.2021","5.321,40","5.343,98","5.372,58","5.307,70","-","-0,45%"
"19.04.2021","5.345,30","5.373,48","5.416,09","5.324,59","-","-0,52%"
"16.04.2021","5.373,48","5.367,23","5.384,99","5.337,51","-","0,11%"
"15.04.2021","5.367,32","5.325,24","5.387,80","5.325,24","-","0,78%"
"14.04.2021","5.325,91","5.320,65","5.372,16","5.285,71","-","0,09%"
"13.04.2021","5.320,96","5.241,04","5.330,93","5.211,47","-","1,52%"
"12.04.2021","5.241,40","5.205,19","5.262,07","5.203,39","-","0,70%"
"09.04.2021","5.205,01","5.239,49","5.242,86","5.186,73","-","-0,66%"
"08.04.2021","5.239,56","5.144,93","5.258,50","5.143,56","-","1,84%"
"07.04.2021","5.144,91","5.166,20","5.197,07","5.104,42","-","-0,41%"
"06.04.2021","5.166,20","5.132,05","5.197,30","5.099,55","-","0,67%"
"05.04.2021","5.132,05","5.061,53","5.143,78","5.061,53","-","1,39%"
"01.04.2021","5.061,55","5.092,17","5.119,08","5.043,38","-","-0,57%"
"31.03.2021","5.090,55","5.129,23","5.135,04","5.060,50","-","-0,75%"
"30.03.2021","5.129,17","5.016,40","5.138,75","4.989,41","-","2,25%"
"29.03.2021","5.016,49","5.013,74","5.020,35","4.945,94","-","0,04%"
"26.03.2021","5.014,37","5.039,85","5.072,26","4.960,40","-","-0,50%"
"25.03.2021","5.039,80","4.927,12","5.058,39","4.887,62","-","2,29%"
"24.03.2021","4.927,21","5.059,86","5.067,77","4.918,77","-","-2,59%"
"23.03.2021","5.058,31","5.098,90","5.133,17","5.035,40","-","-0,80%"
"22.03.2021","5.098,90","5.130,77","5.156,50","5.036,47","-","-0,62%"
"19.03.2021","5.130,79","5.018,70","5.146,69","5.016,01","-","2,24%"
"18.03.2021","5.018,60","5.157,61","5.157,61","5.000,02","-","-2,70%"
"17.03.2021","5.157,64","5.081,82","5.171,38","5.012,25","-","1,49%"
"16.03.2021","5.081,82","5.109,70","5.120,17","5.041,81","-","-0,56%"
"15.03.2021","5.110,54","5.067,78","5.118,59","5.027,62","-","0,84%"
"12.03.2021","5.067,78","5.101,28","5.101,28","5.016,90","-","-0,66%"
"11.03.2021","5.101,37","5.017,10","5.103,75","5.017,10","-","1,68%"
"10.03.2021","5.016,98","4.906,47","5.020,37","4.862,39","-","2,25%"
"09.03.2021","4.906,37","4.887,80","4.977,32","4.864,24","-","0,38%"
"08.03.2021","4.887,80","5.158,88","5.158,88","4.864,85","-","-5,25%"
"05.03.2021","5.158,88","5.100,53","5.170,88","5.062,24","-","1,14%"
"04.03.2021","5.100,79","5.016,34","5.169,44","5.012,01","-","1,68%"
"03.03.2021","5.016,34","5.012,84","5.061,28","4.804,86","-","0,04%"
"02.03.2021","5.014,46","5.015,43","5.061,40","4.832,94","-","-0,02%"
"01.03.2021","5.015,57","4.975,13","5.123,61","4.975,13","-","0,81%"
"26.02.2021","4.975,12","5.086,04","5.131,83","4.968,23","-","-2,18%"
"25.02.2021","5.085,95","5.207,56","5.266,38","5.066,45","-","-2,33%"
"24.02.2021","5.207,32","5.218,12","5.248,09","5.173,86","-","-0,20%"
"23.02.2021","5.217,81","5.236,23","5.258,14","5.175,92","-","-0,35%"
"22.02.2021","5.236,20","5.322,48","5.322,48","5.163,57","-","-1,74%"
"19.02.2021","5.328,93","5.309,96","5.349,90","5.260,94","-","0,36%"
"18.02.2021","5.309,96","5.413,40","5.414,83","5.274,63","-","-1,91%"
"17.02.2021","5.413,39","5.406,47","5.444,04","5.365,33","-","0,13%"
"12.02.2021","5.406,48","5.411,32","5.424,41","5.355,60","-","-0,09%"
"11.02.2021","5.411,49","5.321,11","5.425,05","5.321,11","-","1,70%"
"10.02.2021","5.321,13","5.413,30","5.420,85","5.302,12","-","-1,70%"
"09.02.2021","5.413,27","5.442,03","5.442,03","5.379,49","-","-0,53%"
"08.02.2021","5.442,03","5.439,37","5.490,76","5.397,65","-","0,05%"
"05.02.2021","5.439,27","5.423,02","5.489,35","5.418,73","-","0,32%"
"04.02.2021","5.422,05","5.450,56","5.483,52","5.398,54","-","-0,52%"
"03.02.2021","5.450,54","5.403,68","5.463,36","5.401,08","-","0,87%"
"02.02.2021","5.403,76","5.290,42","5.437,94","5.290,37","-","2,16%"
"01.02.2021","5.289,74","5.253,77","5.336,14","5.247,88","-","0,70%"
"29.01.2021","5.252,96","5.413,37","5.413,37","5.241,78","-","-2,97%"
"28.01.2021","5.413,88","5.283,99","5.438,49","5.258,68","-","2,47%"
"27.01.2021","5.283,41","5.329,65","5.376,42","5.260,86","-","-0,87%"
"26.01.2021","5.329,66","5.326,31","5.450,65","5.310,15","-","0,09%"
"22.01.2021","5.324,99","5.372,03","5.372,03","5.282,85","-","-0,89%"
"21.01.2021","5.372,56","5.445,50","5.461,60","5.328,43","-","-1,34%"
"20.01.2021","5.445,56","5.416,87","5.481,22","5.385,10","-","0,55%"
"19.01.2021","5.415,64","5.454,95","5.500,99","5.377,52","-","-0,72%"
"18.01.2021","5.454,89","5.387,96","5.503,50","5.387,96","-","1,24%"
"15.01.2021","5.387,95","5.423,47","5.423,47","5.337,91","-","-0,66%"
"14.01.2021","5.423,52","5.369,26","5.444,93","5.369,25","-","1,01%"
"13.01.2021","5.369,25","5.426,71","5.427,95","5.317,12","-","-1,05%"
"12.01.2021","5.426,08","5.327,06","5.431,33","5.299,87","-","1,86%"
"11.01.2021","5.327,06","5.365,78","5.396,01","5.285,76","-","-0,73%"
"08.01.2021","5.365,99","5.073,78","5.423,10","5.073,78","-","5,76%"
"07.01.2021","5.073,70","5.067,85","5.123,99","5.030,04","-","0,12%"
"06.01.2021","5.067,82","5.238,48","5.242,11","5.067,78","-","-3,26%"
"05.01.2021","5.238,38","5.267,00","5.275,70","5.160,88","-","-0,54%"
"04.01.2021","5.267,06","5.321,24","5.375,06","5.223,25","-","-1,02%"
"30.12.2020","5.321,24","5.357,96","5.416,08","5.315,97","-","-0,68%"
"29.12.2020","5.357,93","5.322,46","5.371,35","5.314,78","-","0,67%"
"28.12.2020","5.322,32","5.261,43","5.330,88","5.226,13","-","1,15%"
"23.12.2020","5.261,63","5.238,56","5.288,26","5.237,97","-","0,44%"
"22.12.2020","5.238,56","5.219,43","5.273,99","5.207,81","-","0,37%"
"21.12.2020","5.219,17","5.297,59","5.297,59","5.122,89","-","-1,48%"
"18.12.2020","5.297,77","5.329,45","5.371,30","5.269,93","-","-0,61%"
"17.12.2020","5.330,26","5.330,32","5.351,49","5.298,43","-","0,00%"
"16.12.2020","5.330,07","5.248,79","5.336,38","5.229,02","-","1,55%"
"15.12.2020","5.248,72","5.173,03","5.251,24","5.141,28","-","1,48%"
"14.12.2020","5.172,13","5.158,40","5.199,55","5.133,06","-","0,27%"
"11.12.2020","5.158,40","5.178,13","5.179,42","5.115,99","-","-0,38%"
"10.12.2020","5.178,24","5.178,33","5.202,14","5.086,18","-","0,01%"
"09.12.2020","5.177,62","5.250,10","5.258,32","5.161,21","-","-1,38%"
"08.12.2020","5.249,97","5.174,69","5.251,68","5.148,18","-","1,45%"
"07.12.2020","5.174,69","5.197,12","5.233,73","5.126,51","-","-0,43%"
"04.12.2020","5.197,03","5.173,18","5.217,05","5.172,17","-","0,46%"
"03.12.2020","5.173,11","5.114,71","5.209,00","5.104,66","-","1,15%"
"02.12.2020","5.114,27","5.071,99","5.124,26","5.062,93","-","0,83%"
"01.12.2020","5.071,99","5.068,30","5.130,44","5.039,27","-","0,08%"
"30.11.2020","5.068,06","5.160,08","5.208,46","5.056,86","-","-1,78%"
"27.11.2020","5.160,12","5.153,40","5.203,46","5.124,39","-","0,13%"
"26.11.2020","5.153,17","5.153,26","5.176,28","5.130,88","-","-0,00%"
"25.11.2020","5.153,26","5.115,51","5.175,51","5.110,53","-","0,76%"
"24.11.2020","5.114,45","5.079,42","5.135,68","5.035,42","-","0,69%"
"23.11.2020","5.079,42","5.087,91","5.111,14","5.050,12","-","-0,11%"
"20.11.2020","5.085,16","5.105,51","5.124,69","5.074,21","-","-0,41%"
"19.11.2020","5.105,89","5.111,90","5.124,70","5.048,24","-","-0,12%"
"18.11.2020","5.111,84","5.167,30","5.180,26","5.101,33","-","-1,07%"
"17.11.2020","5.167,31","5.163,20","5.209,36","5.145,14","-","0,08%"
"16.11.2020","5.163,20","5.147,33","5.200,40","5.073,70","-","0,31%"
"13.11.2020","5.147,16","5.013,02","5.151,19","5.013,02","-","2,68%"
"12.11.2020","5.013,00","5.091,02","5.126,03","4.987,44","-","-1,53%"
"11.11.2020","5.091,02","5.108,59","5.139,20","5.067,38","-","-0,34%"
"10.11.2020","5.108,57","5.114,61","5.165,19","5.078,34","-","-0,12%"
"09.11.2020","5.114,64","5.083,93","5.238,59","5.083,93","-","0,61%"
"06.11.2020","5.083,65","5.063,99","5.086,13","4.979,00","-","0,39%"
"05.11.2020","5.064,12","4.897,01","5.064,96","4.897,01","-","3,42%"
"04.11.2020","4.896,83","4.713,71","4.912,54","4.713,71","-","3,87%"
"03.11.2020","4.714,23","4.652,72","4.767,54","4.652,65","-","1,33%"
"30.10.2020","4.652,51","4.828,58","4.828,58","4.639,14","-","-3,65%"
"29.10.2020","4.828,59","4.806,41","4.839,18","4.706,46","-","0,46%"
"28.10.2020","4.806,46","4.992,49","4.992,49","4.798,99","-","-3,73%"
"27.10.2020","4.992,53","5.036,42","5.074,32","4.978,10","-","-0,87%"
"26.10.2020","5.036,32","5.045,69","5.076,73","4.984,74","-","-0,19%"
"23.10.2020","5.045,74","5.076,59","5.082,47","5.031,07","-","-0,61%"
"22.10.2020","5.076,60","5.068,25","5.078,13","5.035,78","-","0,16%"
"21.10.2020","5.068,25","5.087,14","5.135,01","5.068,25","-","-0,37%"
"20.10.2020","5.087,14","5.007,14","5.099,97","5.007,14","-","1,60%"
"19.10.2020","5.007,01","5.040,11","5.105,16","4.983,85","-","-0,66%"
"16.10.2020","5.040,11","5.059,30","5.068,92","5.010,08","-","-0,38%"
"15.10.2020","5.059,28","5.059,13","5.087,65","4.982,48","-","-0,02%"
"14.10.2020","5.060,11","5.005,69","5.075,93","5.000,07","-","1,09%"
"13.10.2020","5.005,72","4.908,62","5.020,07","4.908,62","-","1,98%"
"09.10.2020","4.908,58","4.895,86","4.969,99","4.880,36","-","0,27%"
"08.10.2020","4.895,18","4.818,02","4.895,18","4.807,88","-","1,60%"
"07.10.2020","4.817,94","4.831,88","4.874,70","4.781,37","-","-0,29%"
"06.10.2020","4.831,76","4.827,18","4.916,50","4.812,25","-","0,10%"
"05.10.2020","4.827,11","4.764,14","4.842,20","4.750,30","-","1,32%"
"02.10.2020","4.764,10","4.858,71","4.873,29","4.754,37","-","-1,95%"
"01.10.2020","4.858,72","4.789,65","4.863,70","4.760,10","-","1,45%"
"30.09.2020","4.789,32","4.707,38","4.805,26","4.707,38","-","1,74%"
"29.09.2020","4.707,34","4.729,40","4.776,01","4.683,06","-","-0,47%"
"28.09.2020","4.729,37","4.908,95","4.946,89","4.710,80","-","-3,66%"
"25.09.2020","4.908,89","4.887,68","4.908,89","4.813,47","-","0,43%"
"24.09.2020","4.887,76","4.825,26","4.943,69","4.801,53","-","1,30%"
"23.09.2020","4.825,24","4.905,51","4.950,30","4.821,35","-","-1,64%"
"22.09.2020","4.905,51","4.900,55","4.925,79","4.860,07","-","0,10%"
"21.09.2020","4.900,51","4.926,09","4.926,09","4.799,14","-","-0,54%"
"18.09.2020","4.926,91","5.012,35","5.026,40","4.889,85","-","-1,71%"
"17.09.2020","5.012,43","5.036,09","5.036,09","4.973,52","-","-0,47%"
"16.09.2020","5.036,19","5.073,29","5.107,59","5.036,19","-","-0,73%"
"15.09.2020","5.073,15","5.059,19","5.098,77","5.004,71","-","0,28%"
"14.09.2020","5.058,98","4.888,00","5.075,99","4.888,00","-","3,50%"
"11.09.2020","4.887,77","4.954,13","4.985,51","4.871,01","-","-1,34%"
"10.09.2020","4.954,01","5.039,71","5.099,25","4.938,56","-","-1,70%"
"09.09.2020","5.039,93","4.987,93","5.058,96","4.984,66","-","1,04%"
"08.09.2020","4.987,93","4.999,06","5.039,48","4.913,94","-","-0,22%"
"04.09.2020","4.998,70","4.993,02","5.029,85","4.858,98","-","0,15%"
"03.09.2020","4.991,21","5.108,71","5.144,29","4.949,91","-","-2,30%"
"02.09.2020","5.108,66","5.097,66","5.129,43","5.065,03","-","0,22%"
"01.09.2020","5.097,64","4.986,72","5.110,16","4.986,69","-","2,23%"
"31.08.2020","4.986,61","5.081,06","5.081,06","4.986,61","-","-1,86%"
"28.08.2020","5.081,08","5.000,16","5.090,05","4.999,41","-","1,64%"
"27.08.2020","4.998,99","4.988,48","5.044,20","4.956,86","-","0,21%"
"26.08.2020","4.988,43","5.033,22","5.065,06","4.906,43","-","-0,89%"
"25.08.2020","5.033,14","5.021,65","5.072,27","5.012,66","-","0,23%"
"24.08.2020","5.021,73","5.026,25","5.066,22","4.991,81","-","-0,09%"
"21.08.2020","5.026,20","4.980,70","5.026,22","4.940,90","-","0,89%"
"20.08.2020","4.981,99","4.963,33","4.996,39","4.873,32","-","0,37%"
"19.08.2020","4.963,45","5.028,72","5.044,76","4.947,99","-","-1,28%"
"18.08.2020","5.027,67","4.878,48","5.034,00","4.878,48","-","3,06%"
"17.08.2020","4.878,26","4.990,19","5.012,52","4.816,08","-","-2,26%"
"14.08.2020","4.991,01","4.933,64","4.997,02","4.924,37","-","1,16%"
"13.08.2020","4.933,62","4.965,73","5.058,85","4.913,78","-","-0,65%"
"12.08.2020","4.965,73","5.003,04","5.033,53","4.879,19","-","-0,75%"
"11.08.2020","5.003,01","5.009,84","5.078,17","4.999,53","-","-0,12%"
"10.08.2020","5.009,18","5.067,35","5.088,54","4.930,22","-","-1,15%"
"07.08.2020","5.067,28","5.095,85","5.126,00","5.033,01","-","-0,56%"
"06.08.2020","5.095,65","5.022,42","5.100,84","5.022,42","-","1,44%"
"05.08.2020","5.023,50","4.986,35","5.085,30","4.986,35","-","0,75%"
"04.08.2020","4.986,10","5.065,59","5.079,83","4.931,51","-","-1,58%"
"03.08.2020","5.065,93","5.061,57","5.095,66","5.009,09","-","0,09%"
"31.07.2020","5.061,51","5.189,87","5.223,39","5.052,35","-","-2,47%"
"30.07.2020","5.189,67","5.137,33","5.204,84","5.116,73","-","1,01%"
"29.07.2020","5.137,84","5.079,48","5.150,78","5.079,48","-","1,16%"
"28.07.2020","5.079,07","5.028,74","5.098,11","4.994,27","-","1,00%"
"27.07.2020","5.028,75","5.018,68","5.111,97","5.007,46","-","0,20%"
"24.07.2020","5.018,69","5.024,42","5.024,42","4.892,53","-","-0,11%"
"23.07.2020","5.024,42","5.167,29","5.209,28","5.012,71","-","-2,77%"
"22.07.2020","5.167,42","5.151,75","5.205,56","5.104,81","-","0,30%"
"21.07.2020","5.151,75","5.165,23","5.224,07","5.084,16","-","-0,26%"
"20.07.2020","5.165,21","5.047,88","5.165,42","5.039,09","-","2,34%"
"17.07.2020","5.047,31","4.917,05","5.049,37","4.917,05","-","2,65%"
"16.07.2020","4.916,85","4.955,57","4.955,57","4.875,37","-","-0,78%"
"15.07.2020","4.955,75","4.898,86","4.972,57","4.898,86","-","1,17%"
"14.07.2020","4.898,48","4.886,16","4.925,04","4.826,12","-","0,25%"
"13.07.2020","4.886,17","5.008,08","5.052,07","4.886,17","-","-2,43%"
"10.07.2020","5.008,08","4.962,30","5.017,49","4.956,29","-","0,92%"
"09.07.2020","4.962,30","4.920,54","4.970,02","4.904,27","-","0,85%"
"08.07.2020","4.920,36","4.847,86","4.933,87","4.847,86","-","1,51%"
"07.07.2020","4.847,25","4.848,11","4.872,25","4.800,89","-","-0,01%"
"06.07.2020","4.847,84","4.757,67","4.858,71","4.757,67","-","1,90%"
"03.07.2020","4.757,60","4.712,51","4.759,27","4.695,02","-","0,95%"
"02.07.2020","4.712,76","4.776,48","4.852,34","4.694,71","-","-1,33%"
"01.07.2020","4.776,09","4.703,15","4.798,44","4.703,15","-","1,55%"
"30.06.2020","4.703,23","4.692,83","4.763,74","4.648,64","-","0,22%"
"29.06.2020","4.692,83","4.599,97","4.692,83","4.576,22","-","2,02%"
"26.06.2020","4.600,00","4.709,15","4.714,46","4.582,44","-","-2,32%"
"25.06.2020","4.709,37","4.662,27","4.733,60","4.648,30","-","1,03%"
"24.06.2020","4.661,54","4.731,86","4.744,04","4.581,17","-","-1,50%"
"23.06.2020","4.732,48","4.698,59","4.778,05","4.698,59","-","0,72%"
"22.06.2020","4.698,49","4.744,96","4.770,99","4.672,74","-","-0,98%"
"19.06.2020","4.744,77","4.679,99","4.760,27","4.679,99","-","1,39%"
"18.06.2020","4.679,89","4.669,58","4.762,84","4.635,97","-","0,22%"
"17.06.2020","4.669,70","4.535,26","4.718,94","4.535,26","-","2,96%"
"16.06.2020","4.535,26","4.552,18","4.687,29","4.526,05","-","-0,37%"
"15.06.2020","4.552,04","4.542,93","4.577,69","4.420,95","-","0,20%"
"12.06.2020","4.543,12","4.625,93","4.625,93","4.440,39","-","-1,80%"
"10.06.2020","4.626,23","4.679,75","4.728,81","4.602,65","-","-1,14%"
"09.06.2020","4.679,47","4.714,52","4.714,52","4.606,09","-","-0,75%"
"08.06.2020","4.714,83","4.587,43","4.719,24","4.587,43","-","2,78%"
"05.06.2020","4.587,41","4.519,20","4.664,79","4.519,20","-","1,51%"
"04.06.2020","4.519,09","4.509,14","4.538,71","4.466,15","-","0,22%"
"03.06.2020","4.509,18","4.426,91","4.562,48","4.426,91","-","1,86%"
"02.06.2020","4.426,64","4.341,30","4.460,07","4.341,30","-","1,97%"
"01.06.2020","4.340,94","4.271,22","4.358,65","4.222,57","-","1,60%"
"29.05.2020","4.272,40","4.297,03","4.297,06","4.182,74","-","-0,58%"
"28.05.2020","4.297,29","4.373,16","4.373,76","4.282,56","-","-1,74%"
"27.05.2020","4.373,44","4.190,27","4.373,44","4.190,27","-","4,37%"
"26.05.2020","4.190,21","4.105,47","4.265,83","4.105,47","-","2,07%"
"25.05.2020","4.105,17","3.949,19","4.125,24","3.949,19","-","3,96%"
"22.05.2020","3.948,97","4.016,24","4.016,24","3.932,27","-","-1,68%"
"21.05.2020","4.016,51","3.959,01","4.040,26","3.945,69","-","1,45%"
"20.05.2020","3.959,01","3.947,23","4.001,06","3.933,86","-","0,31%"
"19.05.2020","3.946,85","3.921,11","4.017,62","3.906,97","-","0,66%"
"18.05.2020","3.921,11","3.812,54","3.947,64","3.812,54","-","2,86%"
"15.05.2020","3.812,23","3.868,63","3.868,63","3.743,38","-","-1,46%"
"14.05.2020","3.868,63","3.836,02","3.868,63","3.759,94","-","0,84%"
"13.05.2020","3.836,27","3.843,79","3.895,02","3.817,57","-","-0,17%"
"12.05.2020","3.842,99","3.864,02","3.958,31","3.842,99","-","-0,54%"
"11.05.2020","3.864,02","3.919,43","3.932,84","3.852,97","-","-1,43%"
"08.05.2020","3.920,07","3.937,55","4.001,96","3.886,43","-","-0,44%"
"07.05.2020","3.937,43","3.974,61","4.031,44","3.893,59","-","-0,92%"
"06.05.2020","3.974,12","3.914,66","3.987,84","3.877,40","-","1,51%"
"05.05.2020","3.914,97","3.922,39","4.009,50","3.891,28","-","-0,18%"
"04.05.2020","3.922,20","3.968,62","3.968,62","3.829,21","-","-1,17%"
"30.04.2020","3.968,63","4.094,78","4.094,78","3.958,94","-","-3,09%"
"29.04.2020","4.095,00","4.039,09","4.126,97","4.039,09","-","1,39%"
"28.04.2020","4.038,99","3.907,67","4.053,92","3.907,67","-","3,37%"
"27.04.2020","3.907,39","3.737,05","3.920,93","3.737,05","-","4,56%"
"24.04.2020","3.736,94","3.918,59","3.918,59","3.519,69","-","-4,64%"
"23.04.2020","3.918,80","4.020,05","4.097,29","3.839,17","-","-2,51%"
"22.04.2020","4.019,74","3.856,83","4.031,45","3.856,27","-","4,21%"
"20.04.2020","3.857,39","3.751,99","3.905,97","3.657,46","-","2,81%"
"17.04.2020","3.752,08","3.719,05","3.818,40","3.704,28","-","0,91%"
"16.04.2020","3.718,32","3.708,78","3.780,33","3.695,16","-","0,28%"
"15.04.2020","3.707,94","3.683,07","3.754,14","3.585,06","-","0,67%"
"14.04.2020","3.683,11","3.587,85","3.745,17","3.587,85","-","2,66%"
"13.04.2020","3.587,85","3.592,67","3.601,67","3.510,12","-","-0,13%"
"09.04.2020","3.592,67","3.638,56","3.700,98","3.592,67","-","-1,20%"
"08.04.2020","3.636,15","3.548,76","3.653,43","3.521,92","-","2,47%"
"07.04.2020","3.548,46","3.403,99","3.724,65","3.403,99","-","4,27%"
"06.04.2020","3.403,06","3.161,53","3.483,67","3.161,53","-","7,67%"
"03.04.2020","3.160,60","3.313,89","3.314,18","3.084,30","-","-4,62%"
"02.04.2020","3.313,75","3.278,13","3.372,15","3.263,19","-","1,11%"
"01.04.2020","3.277,53","3.372,54","3.372,54","3.192,65","-","-2,82%"
"31.03.2020","3.372,66","3.571,03","3.572,48","3.353,75","-","-5,56%"
"30.03.2020","3.571,06","3.589,08","3.680,98","3.554,89","-","-0,50%"
"27.03.2020","3.589,08","3.796,04","3.796,04","3.564,96","-","-5,46%"
"26.03.2020","3.796,17","3.640,05","3.898,82","3.639,13","-","4,28%"
"25.03.2020","3.640,41","3.371,22","3.717,48","3.347,18","-","7,98%"
"24.03.2020","3.371,22","3.152,29","3.508,00","3.152,28","-","6,95%"
"23.03.2020","3.152,00","3.295,92","3.314,16","3.070,72","-","-4,38%"
"20.03.2020","3.296,29","3.268,10","3.504,13","3.253,87","-","0,87%"
"19.03.2020","3.267,70","3.018,89","3.308,02","2.770,89","-","8,01%"
"18.03.2020","3.025,34","3.457,73","3.457,73","2.839,35","-","-12,51%"
"17.03.2020","3.457,96","3.305,55","3.543,13","3.275,12","-","4,62%"
"16.03.2020","3.305,14","3.941,20","3.941,20","3.256,46","-","-16,15%"
"13.03.2020","3.941,86","3.522,55","4.024,49","3.504,73","-","11,94%"
"12.03.2020","3.521,48","4.162,78","4.162,78","3.344,41","-","-15,41%"
"11.03.2020","4.163,24","4.454,03","4.454,03","3.904,72","-","-6,53%"
"10.03.2020","4.453,99","4.152,51","4.453,99","4.152,51","-","7,28%"
"09.03.2020","4.151,85","4.645,68","4.645,68","4.138,31","-","-10,63%"
"06.03.2020","4.645,93","4.837,08","4.837,08","4.568,97","-","-3,96%"
"05.03.2020","4.837,55","5.099,75","5.099,75","4.736,14","-","-5,14%"
"04.03.2020","5.099,91","5.021,06","5.134,21","5.020,22","-","1,58%"
"03.03.2020","5.020,75","5.029,36","5.189,34","4.965,48","-","-0,17%"
"02.03.2020","5.029,32","4.938,53","5.064,39","4.889,32","-","2,13%"
"28.02.2020","4.924,48","4.867,60","4.924,48","4.666,86","-","1,17%"
"27.02.2020","4.867,65","5.080,23","5.080,23","4.867,65","-","-4,19%"
"26.02.2020","5.080,68","5.418,37","5.418,37","5.036,91","-","-6,25%"
"21.02.2020","5.419,28","5.396,76","5.424,01","5.338,37","-","0,41%"
"20.02.2020","5.396,92","5.477,86","5.479,20","5.375,77","-","-1,48%"
"19.02.2020","5.477,83","5.432,58","5.480,28","5.414,47","-","0,83%"
"18.02.2020","5.432,56","5.475,68","5.475,68","5.376,03","-","-0,80%"
"17.02.2020","5.476,23","5.411,80","5.498,10","5.411,80","-","1,19%"
"14.02.2020","5.411,70","5.442,42","5.442,42","5.363,63","-","-0,56%"
"13.02.2020","5.442,36","5.444,17","5.446,05","5.340,32","-","-0,04%"
"12.02.2020","5.444,63","5.378,60","5.489,18","5.363,25","-","1,23%"
"11.02.2020","5.378,47","5.245,09","5.381,30","5.245,09","-","2,55%"
"10.02.2020","5.244,53","5.350,40","5.386,22","5.206,07","-","-2,00%"
"07.02.2020","5.351,35","5.456,68","5.456,68","5.348,10","-","-1,93%"
"06.02.2020","5.456,68","5.563,77","5.612,72","5.436,06","-","-1,92%"
"05.02.2020","5.563,33","5.591,92","5.675,06","5.552,21","-","-0,50%"
"04.02.2020","5.591,10","5.544,52","5.647,90","5.544,52","-","0,84%"
"03.02.2020","5.544,35","5.471,33","5.592,27","5.470,72","-","1,33%"
"31.01.2020","5.471,42","5.537,37","5.537,37","5.438,40","-","-1,19%"
"30.01.2020","5.537,25","5.591,34","5.591,34","5.399,26","-","-0,98%"
"29.01.2020","5.591,89","5.619,99","5.660,48","5.571,88","-","-0,49%"
"28.01.2020","5.619,50","5.497,85","5.631,60","5.497,15","-","2,21%"
"27.01.2020","5.498,08","5.687,86","5.688,15","5.484,55","-","-3,34%"
"24.01.2020","5.688,16","5.729,11","5.734,09","5.678,11","-","-0,71%"
"23.01.2020","5.728,82","5.714,24","5.728,82","5.625,20","-","0,26%"
"22.01.2020","5.714,24","5.681,56","5.718,81","5.667,73","-","0,61%"
"21.01.2020","5.679,34","5.697,89","5.722,06","5.661,69","-","-0,32%"
"20.01.2020","5.697,81","5.618,46","5.697,81","5.598,85","-","1,41%"
"17.01.2020","5.618,46","5.562,07","5.618,46","5.559,16","-","1,01%"
"16.01.2020","5.562,03","5.552,57","5.599,06","5.512,41","-","0,17%"
"15.01.2020","5.552,44","5.584,81","5.585,11","5.525,49","-","-0,58%"
"14.01.2020","5.584,81","5.547,44","5.586,79","5.523,33","-","0,68%"
"13.01.2020","5.547,31","5.438,69","5.548,17","5.438,69","-","1,99%"
"10.01.2020","5.438,84","5.452,65","5.494,04","5.397,06","-","-0,25%"
"09.01.2020","5.452,54","5.406,43","5.452,54","5.406,43","-","0,85%"
"08.01.2020","5.406,36","5.385,26","5.426,09","5.359,75","-","0,39%"
"07.01.2020","5.385,32","5.394,04","5.402,07","5.340,96","-","-0,16%"
"06.01.2020","5.393,88","5.440,77","5.440,83","5.362,41","-","-0,86%"
"03.01.2020","5.440,77","5.435,15","5.468,03","5.354,82","-","0,07%"
"02.01.2020","5.436,88","5.279,39","5.436,88","5.279,17","-","3,00%"
"30.12.2019","5.278,33","5.328,26","5.347,64","5.278,12","-","-0,94%"
"27.12.2019","5.328,26","5.349,20","5.374,29","5.294,25","-","-0,39%"
"26.12.2019","5.349,20","5.275,31","5.350,22","5.265,49","-","1,41%"
"23.12.2019","5.274,84","5.233,00","5.274,84","5.231,97","-","0,80%"
"20.12.2019","5.233,00","5.236,17","5.239,92","5.194,10","-","-0,05%"
"19.12.2019","5.235,87","5.192,01","5.236,00","5.156,51","-","0,83%"
"18.12.2019","5.192,74","5.110,23","5.197,12","5.105,02","-","1,62%"
"17.12.2019","5.110,02","5.162,12","5.182,15","5.096,44","-","-1,01%"
"16.12.2019","5.162,04","5.128,56","5.173,76","5.128,56","-","0,66%"
"13.12.2019","5.128,22","5.060,03","5.128,22","5.060,03","-","1,36%"
"12.12.2019","5.059,47","4.993,08","5.077,17","4.993,08","-","1,33%"
"11.12.2019","4.992,96","4.958,91","4.993,64","4.958,91","-","0,69%"
"10.12.2019","4.958,62","4.970,26","4.978,69","4.936,19","-","-0,23%"
"09.12.2019","4.970,18","5.006,31","5.014,50","4.962,17","-","-0,73%"
"06.12.2019","5.006,87","4.915,00","5.009,57","4.915,00","-","1,87%"
"05.12.2019","4.914,88","4.909,56","4.929,05","4.896,78","-","0,11%"
"04.12.2019","4.909,58","4.909,54","4.945,87","4.903,01","-","0,01%"
"03.12.2019","4.909,26","4.890,10","4.912,28","4.848,04","-","0,39%"
"02.12.2019","4.890,02","4.886,19","4.899,74","4.871,63","-","0,08%"
"29.11.2019","4.886,19","4.882,32","4.906,32","4.853,67","-","0,07%"
"28.11.2019","4.882,55","4.829,10","4.884,84","4.823,49","-","1,11%"
"27.11.2019","4.829,10","4.801,72","4.832,62","4.759,78","-","0,57%"
"26.11.2019","4.801,67","4.846,86","4.846,86","4.754,18","-","-0,93%"
"25.11.2019","4.846,86","4.795,27","4.849,68","4.779,97","-","1,08%"
"22.11.2019","4.795,27","4.759,30","4.795,27","4.740,53","-","0,76%"
"21.11.2019","4.759,27","4.690,64","4.759,27","4.690,38","-","1,47%"
"19.11.2019","4.690,46","4.694,51","4.725,28","4.659,03","-","-0,08%"
"18.11.2019","4.694,40","4.704,85","4.735,78","4.680,70","-","-0,22%"
"14.11.2019","4.704,83","4.639,80","4.705,27","4.639,80","-","1,40%"
"13.11.2019","4.639,78","4.661,50","4.669,80","4.605,11","-","-0,46%"
"12.11.2019","4.661,28","4.759,00","4.759,00","4.642,66","-","-2,05%"
"11.11.2019","4.758,98","4.704,36","4.759,63","4.679,28","-","1,17%"
"08.11.2019","4.704,16","4.784,69","4.784,69","4.681,27","-","-1,69%"
"07.11.2019","4.784,85","4.764,14","4.802,42","4.764,14","-","0,43%"
"06.11.2019","4.764,14","4.766,27","4.781,94","4.711,06","-","-0,05%"
"05.11.2019","4.766,36","4.813,94","4.819,82","4.740,82","-","-0,99%"
"04.11.2019","4.814,00","4.814,60","4.846,65","4.811,01","-","-0,00%"
"01.11.2019","4.814,21","4.744,53","4.817,51","4.744,53","-","1,47%"
"31.10.2019","4.744,50","4.767,60","4.767,60","4.713,25","-","-0,48%"
"30.10.2019","4.767,52","4.724,42","4.768,23","4.710,51","-","0,91%"
"29.10.2019","4.724,61","4.743,72","4.750,19","4.709,97","-","-0,40%"
"28.10.2019","4.743,73","4.755,33","4.779,53","4.735,13","-","-0,22%"
"25.10.2019","4.754,34","4.832,97","4.838,25","4.744,07","-","-1,62%"
"24.10.2019","4.832,82","4.855,38","4.865,05","4.811,04","-","-0,46%"
"23.10.2019","4.855,32","4.916,88","4.920,91","4.852,05","-","-1,25%"
"22.10.2019","4.916,85","4.911,56","4.953,32","4.904,81","-","0,12%"
"21.10.2019","4.911,16","4.857,42","4.912,31","4.840,11","-","1,11%"
"18.10.2019","4.857,38","4.859,09","4.878,75","4.825,16","-","-0,04%"
"17.10.2019","4.859,28","4.866,98","4.891,98","4.853,39","-","-0,16%"
"16.10.2019","4.866,98","4.823,79","4.869,63","4.786,99","-","0,90%"
"15.10.2019","4.823,71","4.806,66","4.834,17","4.802,15","-","0,35%"
"14.10.2019","4.806,67","4.782,53","4.813,92","4.768,31","-","0,51%"
"11.10.2019","4.782,50","4.691,99","4.812,25","4.691,99","-","1,93%"
"10.10.2019","4.691,96","4.713,89","4.735,43","4.681,22","-","-0,46%"
"09.10.2019","4.713,82","4.702,21","4.726,71","4.689,14","-","0,25%"
"08.10.2019","4.701,93","4.748,21","4.759,16","4.684,37","-","-0,98%"
"07.10.2019","4.748,60","4.818,27","4.818,37","4.735,62","-","-1,44%"
"04.10.2019","4.818,22","4.727,30","4.822,44","4.710,92","-","1,93%"
"03.10.2019","4.727,07","4.711,25","4.727,07","4.649,59","-","0,34%"
"02.10.2019","4.711,25","4.825,68","4.825,68","4.700,61","-","-2,38%"
"01.10.2019","4.825,92","4.839,87","4.847,78","4.796,28","-","-0,29%"
"30.09.2019","4.839,88","4.829,25","4.853,59","4.825,05","-","0,22%"
"27.09.2019","4.829,25","4.842,19","4.853,10","4.815,56","-","-0,29%"
"26.09.2019","4.843,37","4.842,46","4.860,41","4.825,68","-","0,02%"
"25.09.2019","4.842,24","4.829,77","4.853,52","4.810,83","-","0,26%"
"24.09.2019","4.829,79","4.781,23","4.831,65","4.781,20","-","1,01%"
"23.09.2019","4.781,27","4.802,27","4.802,27","4.760,52","-","-0,44%"
"20.09.2019","4.802,27","4.770,20","4.804,56","4.754,73","-","0,67%"
"19.09.2019","4.770,21","4.729,31","4.812,15","4.729,31","-","0,89%"
"18.09.2019","4.728,03","4.726,79","4.733,21","4.686,24","-","0,03%"
"17.09.2019","4.726,66","4.678,22","4.727,10","4.667,12","-","1,04%"
"16.09.2019","4.678,22","4.650,64","4.696,18","4.595,67","-","0,60%"
"13.09.2019","4.650,45","4.703,84","4.708,17","4.634,43","-","-1,14%"
"12.09.2019","4.703,85","4.680,18","4.724,20","4.677,14","-","0,51%"
"11.09.2019","4.680,13","4.585,51","4.680,17","4.585,51","-","2,06%"
"10.09.2019","4.585,51","4.587,09","4.592,66","4.530,31","-","-0,03%"
"09.09.2019","4.587,08","4.666,56","4.679,98","4.554,27","-","-1,70%"
"06.09.2019","4.666,55","4.707,12","4.724,86","4.657,37","-","-0,85%"
"05.09.2019","4.706,59","4.713,51","4.760,27","4.705,82","-","-0,14%"
"04.09.2019","4.713,27","4.673,15","4.729,69","4.673,15","-","0,86%"
"03.09.2019","4.673,00","4.703,09","4.758,39","4.658,12","-","-0,64%"
"02.09.2019","4.703,14","4.715,97","4.740,81","4.698,15","-","-0,26%"
"30.08.2019","4.715,25","4.686,13","4.735,03","4.686,13","-","0,62%"
"29.08.2019","4.686,02","4.563,43","4.686,73","4.563,43","-","2,70%"
"28.08.2019","4.562,73","4.493,90","4.562,73","4.460,22","-","1,53%"
"27.08.2019","4.493,92","4.451,18","4.499,48","4.424,44","-","0,96%"
"26.08.2019","4.451,18","4.518,19","4.554,58","4.435,28","-","-1,46%"
"23.08.2019","4.517,24","4.619,47","4.619,47","4.487,67","-","-2,21%"
"22.08.2019","4.619,49","4.671,59","4.687,22","4.619,49","-","-1,12%"
"21.08.2019","4.671,60","4.609,62","4.678,62","4.609,62","-","1,35%"
"20.08.2019","4.609,39","4.614,00","4.616,47","4.531,71","-","-0,10%"
"19.08.2019","4.614,05","4.621,28","4.657,65","4.595,72","-","-0,15%"
"16.08.2019","4.620,84","4.553,71","4.620,84","4.541,33","-","1,50%"
"15.08.2019","4.552,62","4.593,79","4.663,82","4.511,63","-","-0,90%"
"14.08.2019","4.593,90","4.719,86","4.719,86","4.582,69","-","-2,67%"
"13.08.2019","4.719,87","4.715,38","4.753,85","4.682,93","-","0,10%"
"12.08.2019","4.715,39","4.774,66","4.776,91","4.688,03","-","-1,25%"
"09.08.2019","4.774,84","4.707,88","4.798,12","4.707,88","-","1,42%"
"08.08.2019","4.707,86","4.672,51","4.713,83","4.665,43","-","0,76%"
"07.08.2019","4.672,21","4.665,34","4.672,65","4.584,54","-","0,15%"
"06.08.2019","4.665,35","4.553,64","4.668,06","4.553,64","-","2,46%"
"05.08.2019","4.553,50","4.651,21","4.651,21","4.528,01","-","-2,10%"
"02.08.2019","4.651,36","4.614,44","4.654,00","4.590,44","-","0,80%"
"01.08.2019","4.614,39","4.513,51","4.660,54","4.513,51","-","2,24%"
"31.07.2019","4.513,14","4.529,17","4.533,39","4.456,04","-","-0,35%"
"30.07.2019","4.529,15","4.518,62","4.554,30","4.502,07","-","0,23%"
"29.07.2019","4.518,58","4.456,29","4.519,11","4.438,62","-","1,40%"
"26.07.2019","4.456,29","4.394,26","4.474,11","4.394,26","-","1,41%"
"25.07.2019","4.394,26","4.349,46","4.428,92","4.349,04","-","1,03%"
"24.07.2019","4.349,41","4.325,86","4.369,76","4.325,19","-","0,54%"
"23.07.2019","4.325,89","4.341,81","4.361,23","4.318,04","-","-0,37%"
"22.07.2019","4.341,80","4.322,34","4.369,79","4.322,34","-","0,45%"
"19.07.2019","4.322,31","4.366,43","4.376,06","4.317,29","-","-1,01%"
"18.07.2019","4.366,49","4.319,49","4.366,55","4.319,49","-","1,09%"
"17.07.2019","4.319,47","4.296,69","4.339,55","4.296,69","-","0,54%"
"16.07.2019","4.296,48","4.326,00","4.346,87","4.281,91","-","-0,67%"
"15.07.2019","4.325,39","4.323,46","4.355,12","4.306,08","-","0,05%"
"12.07.2019","4.323,44","4.399,28","4.424,71","4.320,99","-","-1,72%"
"11.07.2019","4.399,24","4.462,95","4.479,44","4.392,53","-","-1,43%"
"10.07.2019","4.462,93","4.384,57","4.470,57","4.384,57","-","1,81%"
"08.07.2019","4.383,64","4.347,90","4.388,48","4.346,81","-","0,82%"
"05.07.2019","4.347,90","4.304,37","4.347,93","4.271,93","-","1,01%"
"04.07.2019","4.304,36","4.240,22","4.305,67","4.240,22","-","1,52%"
"03.07.2019","4.239,99","4.174,22","4.245,46","4.161,41","-","1,58%"
"02.07.2019","4.174,22","4.135,53","4.174,22","4.123,37","-","0,93%"
"01.07.2019","4.135,96","4.126,34","4.168,27","4.125,39","-","0,24%"
"28.06.2019","4.126,17","4.103,49","4.137,65","4.103,49","-","0,55%"
"27.06.2019","4.103,47","4.067,06","4.103,47","4.038,58","-","0,90%"
"26.06.2019","4.067,05","4.076,32","4.106,86","4.051,66","-","-0,23%"
"25.06.2019","4.076,30","4.144,03","4.148,32","4.071,98","-","-1,63%"
"24.06.2019","4.144,04","4.142,31","4.164,04","4.126,29","-","0,04%"
"21.06.2019","4.142,31","4.105,53","4.148,75","4.105,53","-","0,90%"
"19.06.2019","4.105,48","4.046,97","4.105,48","4.039,53","-","1,44%"
"18.06.2019","4.047,16","4.028,00","4.062,77","4.028,00","-","0,49%"
"17.06.2019","4.027,54","4.023,92","4.052,33","4.014,40","-","0,09%"
"14.06.2019","4.023,92","4.046,17","4.062,22","4.008,57","-","-0,55%"
"13.06.2019","4.046,11","3.998,13","4.064,30","3.998,13","-","1,21%"
"12.06.2019","3.997,68","4.011,86","4.021,46","3.973,12","-","-0,35%"
"11.06.2019","4.011,85","3.995,96","4.020,43","3.994,06","-","0,40%"
"10.06.2019","3.995,84","3.966,26","4.011,15","3.951,52","-","0,76%"
"07.06.2019","3.965,65","3.939,59","3.987,12","3.939,59","-","0,66%"
"06.06.2019","3.939,56","3.917,47","3.952,92","3.903,48","-","0,57%"
"05.06.2019","3.917,42","3.956,83","3.981,33","3.907,95","-","-1,00%"
"04.06.2019","3.956,83","3.941,92","3.969,41","3.933,82","-","0,39%"
"03.06.2019","3.941,38","3.967,26","3.994,93","3.919,92","-","-0,65%"
"31.05.2019","3.967,14","3.976,37","3.977,13","3.949,46","-","-0,24%"
"30.05.2019","3.976,83","3.923,06","3.984,17","3.919,99","-","1,37%"
"29.05.2019","3.923,03","3.948,78","3.953,92","3.914,06","-","-0,65%"
"28.05.2019","3.948,74","3.893,91","3.960,94","3.893,91","-","1,41%"
"27.05.2019","3.893,97","3.862,40","3.910,88","3.862,40","-","0,82%"
"24.05.2019","3.862,36","3.860,78","3.897,85","3.846,84","-","0,05%"
"23.05.2019","3.860,29","3.877,83","3.908,92","3.850,48","-","-0,45%"
"22.05.2019","3.877,92","3.864,84","3.896,45","3.864,38","-","0,35%"
"21.05.2019","3.864,50","3.819,23","3.889,09","3.819,23","-","1,19%"
"20.05.2019","3.819,16","3.739,48","3.838,56","3.739,48","-","2,13%"
"17.05.2019","3.739,41","3.753,74","3.806,68","3.735,55","-","-0,39%"
"16.05.2019","3.754,16","3.785,39","3.787,99","3.737,47","-","-0,83%"
"15.05.2019","3.785,58","3.810,05","3.810,05","3.720,75","-","-0,64%"
"14.05.2019","3.810,06","3.763,23","3.810,08","3.763,23","-","1,24%"
"13.05.2019","3.763,23","3.839,97","3.839,97","3.755,63","-","-1,98%"
"10.05.2019","3.839,13","3.863,98","3.867,16","3.804,99","-","-0,64%"
"09.05.2019","3.863,95","3.891,13","3.891,13","3.832,58","-","-0,70%"
"08.05.2019","3.891,13","3.848,58","3.912,33","3.848,58","-","1,11%"
"07.05.2019","3.848,55","3.885,50","3.886,36","3.796,31","-","-0,97%"
"06.05.2019","3.886,12","3.889,10","3.890,20","3.842,01","-","-0,10%"
"03.05.2019","3.889,89","3.876,58","3.904,79","3.876,58","-","0,35%"
"02.05.2019","3.876,51","3.928,50","3.928,50","3.871,51","-","-1,32%"
"30.04.2019","3.928,49","3.894,55","3.928,49","3.883,04","-","0,87%"
"29.04.2019","3.894,51","3.874,08","3.917,27","3.874,08","-","0,54%"
"26.04.2019","3.873,66","3.880,16","3.888,24","3.850,65","-","-0,17%"
"25.04.2019","3.880,17","3.757,97","3.880,17","3.743,84","-","3,25%"
"24.04.2019","3.758,00","3.782,44","3.783,63","3.732,20","-","-0,65%"
"23.04.2019","3.782,45","3.726,12","3.802,82","3.726,12","-","1,52%"
"22.04.2019","3.725,72","3.673,91","3.732,62","3.665,05","-","1,41%"
"18.04.2019","3.673,88","3.640,89","3.688,57","3.634,29","-","0,91%"
"17.04.2019","3.640,71","3.688,57","3.704,96","3.623,25","-","-1,30%"
"16.04.2019","3.688,51","3.648,52","3.728,75","3.645,00","-","1,10%"
"15.04.2019","3.648,54","3.623,35","3.655,61","3.623,14","-","0,70%"
"12.04.2019","3.623,31","3.638,34","3.657,44","3.593,24","-","-0,47%"
"11.04.2019","3.640,27","3.659,38","3.662,35","3.613,04","-","-0,52%"
"10.04.2019","3.659,39","3.653,02","3.668,39","3.630,20","-","0,19%"
"09.04.2019","3.652,62","3.671,54","3.671,54","3.627,16","-","-0,52%"
"08.04.2019","3.671,68","3.701,82","3.703,03","3.658,09","-","-0,82%"
"05.04.2019","3.701,88","3.671,45","3.729,81","3.671,45","-","0,84%"
"04.04.2019","3.671,10","3.607,11","3.675,11","3.604,84","-","1,78%"
"03.04.2019","3.606,83","3.625,15","3.664,50","3.590,36","-","-0,51%"
"02.04.2019","3.625,15","3.637,73","3.657,36","3.597,57","-","-0,33%"
"01.04.2019","3.637,31","3.627,18","3.649,45","3.613,05","-","0,32%"
"29.03.2019","3.625,61","3.584,23","3.625,61","3.584,23","-","1,17%"
"28.03.2019","3.583,54","3.489,64","3.601,97","3.471,44","-","2,69%"
"27.03.2019","3.489,64","3.612,11","3.612,11","3.489,62","-","-3,40%"
"26.03.2019","3.612,37","3.544,76","3.623,54","3.533,13","-","1,92%"
"25.03.2019","3.544,32","3.560,78","3.578,66","3.529,81","-","-0,46%"
"22.03.2019","3.560,82","3.650,92","3.650,92","3.546,97","-","-2,49%"
"21.03.2019","3.651,66","3.703,52","3.704,64","3.604,39","-","-1,39%"
"20.03.2019","3.703,28","3.744,89","3.748,11","3.698,48","-","-1,11%"
"19.03.2019","3.744,87","3.750,62","3.772,40","3.734,91","-","-0,15%"
"18.03.2019","3.750,37","3.688,12","3.750,37","3.688,12","-","1,69%"
"15.03.2019","3.688,14","3.673,92","3.709,84","3.668,55","-","0,39%"
"14.03.2019","3.673,87","3.684,59","3.691,95","3.647,75","-","-0,29%"
"13.03.2019","3.684,59","3.686,22","3.689,16","3.650,22","-","-0,04%"
"12.03.2019","3.686,06","3.705,11","3.709,59","3.671,33","-","-0,51%"
"11.03.2019","3.705,10","3.634,11","3.705,85","3.633,62","-","1,95%"
"08.03.2019","3.634,10","3.570,76","3.635,70","3.538,39","-","1,78%"
"07.03.2019","3.570,70","3.578,61","3.590,00","3.549,79","-","-0,22%"
"06.03.2019","3.578,58","3.636,75","3.640,99","3.578,58","-","-1,61%"
"01.03.2019","3.637,25","3.654,13","3.671,29","3.612,93","-","-0,46%"
"28.02.2019","3.654,10","3.734,14","3.739,13","3.651,17","-","-2,14%"
"27.02.2019","3.734,11","3.729,12","3.737,40","3.706,65","-","0,13%"
"26.02.2019","3.729,09","3.733,86","3.742,55","3.717,43","-","-0,12%"
"25.02.2019","3.733,68","3.740,32","3.764,82","3.722,14","-","-0,18%"
"22.02.2019","3.740,25","3.700,65","3.740,41","3.681,70","-","1,08%"
"21.02.2019","3.700,26","3.697,91","3.721,82","3.668,51","-","0,07%"
"20.02.2019","3.697,61","3.766,75","3.790,41","3.697,59","-","-1,83%"
"19.02.2019","3.766,68","3.747,30","3.776,43","3.747,30","-","0,52%"
"18.02.2019","3.747,02","3.758,09","3.758,09","3.718,91","-","-0,29%"
"15.02.2019","3.758,05","3.788,17","3.788,70","3.746,61","-","-0,79%"
"14.02.2019","3.787,94","3.728,07","3.791,48","3.681,85","-","1,61%"
"13.02.2019","3.728,04","3.767,52","3.788,45","3.707,14","-","-1,04%"
"12.02.2019","3.767,29","3.746,34","3.786,78","3.746,01","-","0,59%"
"11.02.2019","3.745,22","3.745,10","3.752,75","3.705,29","-","0,00%"
"08.02.2019","3.745,07","3.747,63","3.760,80","3.691,55","-","-0,07%"
"07.02.2019","3.747,76","3.731,84","3.766,71","3.713,48","-","0,43%"
"06.02.2019","3.731,84","3.866,19","3.866,19","3.731,84","-","-3,48%"
"05.02.2019","3.866,26","3.861,73","3.878,68","3.846,60","-","0,11%"
"04.02.2019","3.861,87","3.835,51","3.864,15","3.806,69","-","0,69%"
"01.02.2019","3.835,48","3.818,37","3.843,97","3.805,39","-","0,45%"
"31.01.2019","3.818,38","3.850,05","3.867,16","3.818,38","-","-0,82%"
"30.01.2019","3.850,00","3.805,26","3.850,00","3.800,29","-","1,18%"
"29.01.2019","3.805,24","3.805,53","3.838,39","3.803,46","-","0,01%"
"28.01.2019","3.804,76","3.747,65","3.808,50","3.720,94","-","1,51%"
"24.01.2019","3.748,20","3.698,32","3.748,20","3.698,32","-","1,35%"
"23.01.2019","3.698,32","3.654,62","3.706,02","3.654,62","-","1,21%"
"22.01.2019","3.654,22","3.709,31","3.720,12","3.638,40","-","-1,48%"
"21.01.2019","3.709,09","3.720,59","3.720,59","3.670,66","-","-0,31%"
"18.01.2019","3.720,58","3.702,17","3.721,41","3.699,05","-","0,51%"
"17.01.2019","3.701,66","3.649,10","3.716,72","3.635,54","-","1,44%"
"16.01.2019","3.649,10","3.630,09","3.649,11","3.624,95","-","0,53%"
"15.01.2019","3.629,94","3.631,12","3.651,28","3.616,88","-","-0,03%"
"14.01.2019","3.631,09","3.596,51","3.639,23","3.592,88","-","0,90%"
"11.01.2019","3.598,62","3.577,28","3.601,12","3.574,78","-","0,60%"
"10.01.2019","3.577,23","3.534,07","3.579,99","3.532,54","-","1,22%"
"09.01.2019","3.534,18","3.468,29","3.542,86","3.468,21","-","1,92%"
"08.01.2019","3.467,74","3.456,58","3.486,26","3.456,58","-","0,32%"
"07.01.2019","3.456,53","3.486,58","3.497,27","3.440,91","-","-0,86%"
"04.01.2019","3.486,63","3.501,70","3.513,90","3.457,56","-","-0,43%"
"03.01.2019","3.501,68","3.495,25","3.501,86","3.452,11","-","0,18%"
"02.01.2019","3.495,31","3.399,96","3.505,20","3.394,20","-","2,80%"